"","aging","morphogenesis","anthocyanin","auxin","brassinosteroid","calcium","carbohydrate","spliceosome","cell growth","cell death","redox","abscisic acid","cold","heat","jasmonic acid","nitrogen","salt stress","oxidative stress","salicylic acid","chlorophyll","chromatin","kinase","cytoskeleton","ribosome","defense","endoreduplication","DNA methylation","endocytosis","endomembrane","ethylene","gibberellin","leaf vascular","lipid","lysosome","metal ion","nucleosome","pectin","phloem","photoperiodism","photosynthesis","phototropism","pigment","senescence","ubiquitin","secretion","light","circadian","cell cycle","vesicle","water","sulfur","translation","trichome"
"aging",1,1,1,1,1,1,1,1,1,1,1,1,1,1,1,1,1,1,1,1,1,1,1,1,1,1,1,1,1,1,1,1,1,1,1,1,1,1,1,1,1,1,1,1,1,1,1,1,1,1,1,1,1
"morphogenesis",1,2.9737092787703e-34,1,0.999999955295741,0.999741518718754,0.999999999998363,0.857114331379282,0.783634734317291,0.167296454337326,0.603191900665305,1,0.999999380353251,0.999622842937283,0.829901169714719,0.999996915472509,2.42904390767406e-15,0.999438765729645,0.837457950601981,0.999999968055668,0.999962808475979,1.62823808089216e-18,0.100550454210132,4.64194160610306e-64,0.987519533597654,0.379015918543114,1,1,0.185331476318434,1,6.77704286348363e-34,1.74420603319345e-06,1,0.000262517194371563,0.555904739504369,9.65883053671125e-09,1,0.999612952086617,1,0.000517196744558095,1,1,1,0.945083083694108,0.999999999999999,1,0.000404512746320526,1,0.201265015129766,3.35320809166405e-23,1.0200634538819e-14,1,1,0.000440599663952113
"anthocyanin",1,0.138027770339902,1,1,1,1,0.590589155123489,1,0.564269215624333,1,1,1,0.645984922121358,1,1,0.0116897992012384,0.69388545075658,1,0.506444570491368,1,0.115849054373646,0.922272490190288,0.00329908635332279,1,0.741118602222374,1,1,0.170484150988426,1,0.474715334939457,0.187534014020008,1,0.516464080926151,1,1,1,1,1,0.252300403241739,1,1,1,0.44094636804731,1,1,0.130945559558469,1,0.536257277071449,0.209823642008775,0.470086108969974,1,1,1
"auxin",1,3.70093247409489e-22,1,0.999996246916558,0.995541830668044,0.999999718769994,0.753064448678916,0.968520675308924,0.549199822155293,0.357389914052378,1,0.999998043883949,0.998471278838589,0.997742882992432,0.999958330380888,6.6326154679046e-09,0.999939953110887,0.87158442608148,0.999999946392862,0.999479237850297,2.78864863584743e-08,0.355996091462151,2.98453935672319e-33,0.943857686893445,0.333257300131525,1,1,0.599501392969974,1,4.74329706159109e-16,0.00276341567833774,1,0.00826978423880437,0.205961002832136,0.00212014613657933,1,0.992680506569134,1,0.000314281107916859,1,1,1,0.981181881021333,0.999999999772876,1,0.00506125305628934,1,0.907893215682572,7.59436276945026e-12,5.3364353545709e-05,1,0.999999999999869,0.0644386628175346
"brassinosteroid",1,2.41549254246783e-07,1,0.872243727372499,0.827081811123884,1,0.687965486710317,0.899231658584172,0.626654632271193,1,1,0.999964656214449,0.998829275918282,0.354518677448003,1,0.000695713750359169,0.779181775981499,0.989795437020312,1,1,4.2207729564365e-05,0.591897659723627,1.83088896716717e-09,1,0.963936224034847,1,1,0.342763989486082,1,4.15583037466698e-09,0.390760935330949,1,0.188643137174087,0.417236128767769,0.000476505419558896,1,1,1,0.0129078813723954,1,1,1,0.977176146443883,0.9995450088642,1,0.558913929548467,1,0.38311317406736,0.00467964810245963,0.00101029161044811,1,1,0.555125134854299
"calcium",1,5.32900232816896e-11,1,0.98485453076659,1,0.99995369087772,0.813644313722092,0.638177433659949,0.737572659711517,0.686482799648442,1,0.999996763049176,0.877705942825496,0.999088550030003,0.999803754394796,2.94988075756684e-10,0.999936308311677,0.791510539052993,0.998733200267303,0.984777223886604,8.84278573769027e-06,0.0616770369415633,2.66784763090396e-28,0.463711312920381,0.662326105378915,1,1,0.167754680466014,1,8.94507416836131e-15,0.624067232827437,1,0.00945793592401302,0.368786239129284,8.48011191597708e-06,1,0.829492301166381,1,0.00673560408982122,1,1,1,0.414350132588247,0.99999979275095,1,0.128991837044681,1,0.749735009392968,2.16464689229691e-10,0.000362308252323358,1,1,0.575122123076302
"carbohydrate",1,3.81931935924271e-14,1,0.99859120328293,0.928739470750376,0.999985571669401,0.968490684044464,0.944302720152311,0.518267375201305,0.691175657376439,1,0.999929258410987,0.998772458382772,0.999767697914143,0.999170293047865,2.83542637895922e-05,0.99891726464061,0.603302700725547,0.999999745518005,1,1.54239316704991e-08,0.0624426981278765,1.11104650568636e-33,0.786820857908133,0.686563316498255,1,1,0.00837849678802292,1,1.33565346484449e-14,0.00631016347349372,1,0.0870301260527089,0.106474351095805,0.0010171963768813,1,0.997080818736015,1,0.00513664786896601,1,1,1,0.985209581872074,0.99999903546134,1,0.37056341231141,1,0.389953648509614,3.23057932733937e-11,6.26975348261885e-05,1,0.99999999695261,0.0198191334308194
"spliceosome",1,1.35084112234283e-05,1,0.769327044387487,0.899231658584172,0.99580021517725,0.488617069901742,0.57703847747259,0.559371769393499,0.958315592445131,1,0.987792816757702,0.873380219629746,0.885059322520218,0.991331870983021,0.000202050897919941,0.97191338361355,0.759473122269125,0.982683038383067,0.899231658584172,0.00499500805960536,0.419317603767361,3.9852784637552e-17,0.867318275629195,0.375508373432141,1,1,0.471433160510098,1,8.46382217760196e-08,0.260100979548807,1,0.247533757505051,0.506444570491368,0.0296970750714329,1,1,1,0.105028477032313,1,1,1,0.549422788265427,0.999957383219627,1,0.109856428943282,1,0.957965775016133,1.96795145435706e-07,0.00306055157097095,1,0.999877066281894,0.0914988549458439
"cell growth",1,6.88839348849713e-13,1,0.999318153298419,0.905235833243477,0.999752762604379,0.702308502628441,0.832535164207863,0.772630910323038,0.334803185214379,1,0.999592831176773,0.92167271856061,0.912492650883825,0.994862498791174,2.16828684560284e-07,0.993594744745989,0.860968259221909,0.999915638088081,0.995483531537542,2.45784886227934e-09,0.0339630171100812,8.97420915410487e-26,0.835340450846356,0.17328870375157,1,1,0.00519439496751993,1,8.55560582555309e-16,0.0262904875946642,1,0.00014978720521622,0.494690447202246,0.000163314059408966,1,0.999434121350905,1,0.0162307565624372,0.98429549291547,1,1,0.893077819473969,0.999999999948108,1,0.0810988033057742,1,0.14627982199443,2.34450226897971e-11,4.14056088798322e-05,1,1,0.0139678516983338
"cell death",1,8.06181087468919e-10,1,0.999674007613453,1,0.99695625810188,0.18781068611785,0.392472861788116,0.220895689920291,0.653358167773216,1,0.997127970362246,0.99528483643226,0.301510306963109,0.983199438101143,1.86162179338336e-08,0.993631705446687,0.950177102832028,0.99826280181491,1,0.00106928673455896,0.364625023306565,3.02801464405002e-09,0.976208084622182,0.64059729713642,1,1,0.501214679960176,1,1.39704221753522e-10,0.0416132317841236,1,0.00757786176600681,0.526525362073478,0.000221965141542225,1,0.965422581751139,1,0.0502753144621297,1,1,1,0.994667102592045,0.999725187265955,1,0.000928704930932088,1,0.968433354738789,0.00243165910938231,0.000235422234439851,1,0.999927618565365,0.308826741447109
"redox",1,0.259268791736308,1,1,1,1,0.36014637057413,1,1,1,1,1,0.405006547679438,0.260024422177261,1,0.0146859108401885,1,1,1,1,1,1,0.135303550650111,1,0.575122123076302,1,1,0.0892223044305095,1,0.0419262947101772,0.0986309404304963,1,0.159462801004961,1,0.126277700873178,1,1,1,1,1,1,1,1,1,1,0.149651539936712,1,1,0.0685845494509436,0.137675530071014,1,1,1
"abscisic acid",1,1.62058609357539e-40,1,0.999999970188369,0.999964656214449,0.999999999999992,0.952846690944281,0.197426307172013,0.377276527311108,0.88635841091902,1,0.999999999912931,0.999982064932123,0.896877001313275,0.999999997332589,2.52914352416729e-20,0.999800662237835,0.229316330045948,0.999999094396269,0.999995632786031,2.03195546064569e-21,0.038560476172337,2.75535374310168e-68,0.992038762234723,0.0515686259082843,1,1,0.0212709530418584,1,4.05088004015765e-37,1.29123821054834e-05,1,4.1794128536539e-05,0.00840360184403214,1.29902858205102e-10,1,0.926596555355126,1,3.7763728853634e-05,1,1,1,0.631640528902264,1,1,1.96424649665203e-05,1,0.698613808296984,7.4871083368268e-30,3.50297561598217e-16,1,1,0.167271686984437
"cold",1,1.32498308733176e-17,1,0.999884459841503,1,0.999998255444388,0.958455098010314,0.655409323244461,0.340438218761542,0.458036995666577,1,0.999991334580029,0.992244498571857,0.819032911815475,0.999844303161415,9.27135979464534e-10,0.997597222635372,0.948909832528278,0.999976538723102,0.990926137406483,2.92731061542763e-13,0.318455712823334,1.47708559833434e-29,0.946137876109554,0.940692756416323,1,1,0.0488005927837047,1,4.11690263253635e-17,0.000333728192024121,1,0.198180903670126,0.0598445294018938,0.000236349769561589,1,0.822943539921925,1,0.000555689972054126,1,1,1,0.98980090605155,0.999999838325237,1,0.00341876998975747,1,0.371124322642047,1.09724419180255e-10,6.60652045524641e-06,1,0.999999999996861,0.0396492469522165
"heat",1,1.31696406152738e-18,1,0.790055166958083,0.749155051628147,0.999088550030003,0.897915341402049,1,0.232082745662168,0.971595349207198,1,0.995750473655115,0.737115136688737,0.9353492211138,0.999520708433521,2.61406384866178e-07,0.873123001248373,0.0731374946652833,0.997725461378716,0.901985135265419,2.83406104521169e-07,0.112213447241556,1.87400369940335e-24,0.939050099559496,0.191220862086386,1,1,0.753199921378872,1,9.49574711045983e-16,0.355315722233333,1,0.0857671915039425,0.12149841855287,0.000223307021753503,1,0.629969409510371,1,0.000445512840820814,0.950780828350562,1,1,0.736509484882684,0.999837930144865,1,0.0107169777459797,1,0.437690484991774,3.42064761915132e-08,2.32718276719838e-07,1,1,0.109803174933432
"jasmonic acid",1,4.67665168615096e-22,1,0.999999531709329,0.984300874910486,0.999999847312949,0.957244401734321,0.330656190289645,0.302709526192737,0.642005137757308,1,0.999999893196381,0.999979413877994,0.576456278544358,0.999993097128745,5.03589808998563e-09,0.999998933882918,0.634415642658887,0.999997881591715,0.996489468547489,8.75788402588654e-17,0.0499600290291614,5.69563362940563e-36,0.980242582087622,0.815444587326547,1,1,0.00989366936365981,1,8.71425154043519e-23,0.0206015005088045,1,0.0047817085510263,0.223177243612436,1.87525809599575e-08,1,0.998618714340648,1,0.00613028111448864,1,1,1,0.994095379047068,0.999999996657812,1,0.00920709860191719,1,0.135667561922179,9.27945172946096e-16,8.20232180376669e-09,1,0.999999999998564,0.487684966733412
"nitrogen",1,3.75611715722969e-24,1,0.999998951230905,1,0.999999998437332,0.876848392193879,0.0774324715963509,0.709471621236125,0.997370313449391,1,0.999999999968436,0.999973078748447,0.997511084969289,0.999999994753845,3.92110835085846e-18,0.999999970156366,0.652960204513267,0.999999828727707,1,1.16588845069983e-19,0.288415979725205,4.18800546075772e-64,0.976168291225856,0.865041850112423,1,1,0.044533917556595,1,2.25220076060278e-33,9.78294334221743e-05,1,0.000414375622019711,0.0815119236681993,3.63752446412871e-12,1,0.968518008290637,1,0.00187284149705244,0.999903188689963,1,1,0.856183280038361,1,1,0.00949338640874491,1,0.279332196619753,1.16129779278198e-20,1.31992231334932e-11,1,1,0.0561375765294468
"salt stress",1,2.6074531652151e-22,1,0.999851067651209,1,0.99999979275095,0.779652462406424,0.67415846053939,0.342983554445728,0.620817742346436,1,0.999965914972527,0.999970692759495,0.921060691561799,0.999825342315933,1.69018649973159e-13,0.999753870219014,0.736525440447647,0.999999961704587,1,4.50954668388693e-08,0.286191993591415,3.12092253800207e-38,0.977504540192496,0.516209620638673,1,1,0.0206504251425079,1,7.78826730031152e-24,0.0183187899437415,1,0.000382338234292556,0.214521353856849,5.89655867819956e-07,1,0.620817742346436,1,0.0785623618426177,0.997312899035509,1,1,0.940181712980629,0.999999999061383,1,0.0105806030904859,1,0.686618207371135,1.2488589612479e-16,5.2795075322028e-10,1,1,0.149238307378299
"oxidative stress",1,4.72365808427051e-17,1,0.995772000044819,0.989795437020312,0.999997638014045,0.878088255350648,0.366566656690513,0.236661107000936,0.565083292620566,1,0.999996495645769,0.997541608466145,0.957548332369643,0.999774196092915,7.87456020725426e-11,0.999985634414576,0.365404809480054,0.995498706573661,0.998660046306633,6.41131902452518e-11,0.068992349488624,7.10495992611182e-31,0.686710680555133,0.23745089647549,1,1,0.482895924066279,1,8.91620378716552e-22,0.250812856285807,1,0.00229548103597505,0.149292582234987,1.86678198222908e-06,1,0.694386231299774,1,0.0146503491431538,1,1,1,0.265791732348993,0.999998875590701,1,0.0519995081815372,1,0.195228222835755,2.55626972870967e-07,3.74732949110342e-08,1,0.99999998250305,0.364620065673814
"salicylic acid",1,9.38652745548901e-11,1,0.987792816757702,0.836281670278951,0.999789409439475,0.747194040956006,0.554648092416711,0.442524533486263,0.609552332540807,1,0.99977516918989,0.981481705215597,0.6934299922274,0.998458325936967,5.0083440898147e-08,0.995360658129326,0.818226796660188,0.999920524002789,1,1.60805979971376e-09,0.00676823397036632,2.7993823285918e-20,0.707053091913937,0.270978990487546,1,1,0.615392703782222,1,3.04456239128319e-17,0.0279301360736202,1,0.0177105904794063,1,6.77150295474974e-06,1,0.877795194094892,1,0.00182889402077985,1,1,1,0.968520675308924,0.999999594447751,1,0.010082899879224,1,0.331313397083697,1.01515438145548e-09,1.49901328471742e-05,1,1,0.164833868246853
"chlorophyll",1,2.89927435422442e-08,1,0.980657080265417,1,0.984777223886604,0.979500039394742,0.667969339605691,0.298276319653598,0.911957061962455,1,0.933948891106533,0.990926137406483,0.901985135265418,0.952486275766744,0.156594567132739,0.779181775981499,0.0377979012772219,0.989846935205169,1,0.00185096897983014,0.232222966345731,2.14546375488646e-10,1,0.307497920856467,1,1,1,1,0.00041612835162933,0.0123660231182169,1,0.514346827556413,0.417236128767769,0.101568819301447,1,1,1,0.0432617025321501,0.740745532609857,1,1,0.727835601345838,0.9995450088642,1,0.154622014352959,1,0.558589847965411,0.0114866177540883,0.00101029161044811,1,0.998977133072153,0.194790035703398
"chromatin",1,2.65558428848757e-11,1,0.99887002913003,0.977176146443883,0.993837646381863,0.875249504881909,0.726868324147379,0.130040617476479,0.4249502741548,1,0.949697204543998,0.591309482848688,0.338185944804225,0.986404894490801,7.03082709540574e-09,0.899009127057389,0.76027673523511,0.999949153259015,1,1.48698880833204e-05,0.210916601251275,4.01051170569368e-21,0.524185488369188,0.363408894178198,1,1,0.485778610178228,1,1.01761336459538e-11,0.0748775443228163,1,0.0207612211420262,0.0306474122736915,0.000159943363946009,1,0.89370410616594,1,0.003231789629794,0.945394727186441,1,1,0.961497328318962,0.999990193937796,1,0.0364687520682077,1,0.910898325139137,1.43623636935303e-09,1.31475778465244e-05,1,0.999994263973767,0.00900244501839624
"kinase",1,5.46963261991228e-38,1,0.999999990444972,0.999943628228559,0.99999999999993,0.805592813319959,0.914390395949462,0.310181391363367,0.761737186310488,1,0.999999999480313,0.999082007053674,0.924352742927821,0.999999310889518,3.2843669943001e-23,0.99989065136916,0.158207906862195,0.99999999994794,0.999999938679631,1.93320574182897e-23,0.0276992189111606,2.67918844830548e-74,0.998975690045128,0.497431305841047,1,1,0.000838984934484514,1,3.7965039801622e-48,0.000753731601210313,1,5.52307870713492e-06,0.000282677958870261,8.73896666507531e-14,1,0.999993033425086,1,4.56489990965979e-06,1,1,1,0.96254780870411,1,1,1.44767696888088e-05,1,0.263548619518208,2.58828849973194e-27,3.16982211991615e-19,1,1,0.0252134759236913
"cytoskeleton",1,1.25687661911796e-06,1,0.98768842252949,0.848918321468664,1,0.986022980181854,1,0.524185488369188,0.926967728002493,1,0.99998731285545,0.975833652316408,0.607548143399844,0.997946834832269,0.0239265396395558,0.915655036376586,0.568529506529971,0.992867364724327,1,0.0235327408912687,0.0959539192845471,8.17877347802507e-12,0.7866179272503,0.806889139989969,1,1,0.729749998806257,1,3.08470895721433e-07,0.179637727725397,1,0.289474138524024,0.0213269030149182,0.0432617025321501,1,1,1,0.86936101029628,1,1,1,0.772065070424209,0.999748288847824,1,0.676827949707815,1,0.0956394933546159,0.00342517685716569,0.000106286356057112,1,0.999397736994773,0.581997402534137
"ribosome",1,6.57122464250965e-12,1,0.943857686893445,0.751321628520513,0.883837040549806,0.535137730519168,0.867318275629195,0.322144088898808,0.037046090687772,1,0.549199822155293,0.589124367771161,0.939050099559496,0.847965007009126,4.58510737838049e-05,0.743184463479846,0.686710680555133,0.999142682302119,0.751321628520513,2.33020123258342e-07,0.0881886768587588,3.35427406898631e-10,0.595961125287422,0.135314603073574,1,1,0.2879515185013,1,1.40481616972272e-05,0.156991473990939,1,0.0914799236424224,0.202290922607727,0.13706394355111,1,1,1,0.000874377343192157,1,1,1,0.36401844146819,0.999401575986745,1,0.127099520636088,1,0.502166917726406,0.00021511357866365,0.000564229173879502,1,1,0.130654607612346
"defense",1,5.87797378398038e-74,1,1,0.999998726276049,1,0.999828976199416,0.932349666957936,0.0127964844305874,0.257668195011408,1,0.999999999999836,0.999984661424803,0.766331983975759,0.999999986448535,7.91809727835321e-37,0.999999771924219,0.417689739150068,0.999999999999988,0.999998726276049,1.29518058273746e-43,0.00180871776657691,5.35465705508519e-118,0.992036215916009,0.491170454169461,1,1,0.00201150511732894,1,5.50359031740253e-75,7.10754506292607e-08,1,2.07085228944631e-10,0.157834945592147,1.06382615394836e-23,1,0.998655114049646,1,1.06065540394291e-09,0.999999995925324,1,1,0.999533842434069,1,1,2.16343782717814e-06,1,0.0109655111875466,3.51936893545777e-44,2.31676041879095e-31,1,1,7.64247077361026e-05
"endoreduplication",1,0.144488816394871,1,0.862958817945313,0.555125134854299,1,0.747528028560323,1,0.917275403155595,0.308826741447109,1,0.969878909313604,0.817421805099722,0.835831008231581,0.699673241553268,0.109494936760618,1,0.364620065673814,1,1,0.000458530302834215,0.152147938919117,3.56916151533703e-05,0.353962619897854,0.2758582642996,1,1,1,1,0.000880108916987476,0.0254517046503745,1,0.0751762484615225,1,0.194790035703398,1,0.674206024922133,1,0.0121314523455229,1,1,1,0.520457102502519,1,1,0.18161681728127,1,0.201718809683397,0.0457544375294422,0.242576201027336,1,1,1
"DNA methylation",1,0.0502430600939599,1,1,1,1,1,0.297464020209293,0.564269215624333,1,1,1,0.645984922121358,0.452437252709875,1,0.0400033346622815,1,0.638555661333266,1,1,0.0213269030149182,0.470086108969974,0.252300403241739,1,0.344391026636207,1,1,1,1,0.136526787384508,1,1,0.295050262378246,1,0.23660965455696,1,1,1,0.0349030564276317,1,1,1,1,1,1,0.743684727168729,1,1,0.209823642008775,0.25412638334668,1,1,1
"endocytosis",1,0.00209288455336554,1,0.966753830416796,1,1,0.570168481536965,1,0.887260451964558,0.814044083719237,1,0.999674007613453,0.990656370990613,0.93348419876003,0.995576373691159,0.0232920961815138,0.900337478558312,0.942756231945602,1,1,0.017707410507024,0.597741833116664,1.57566278952711e-08,0.845747702987268,0.989895821305768,1,1,0.568770533002538,1,5.1508048884415e-05,0.0686653449045241,1,0.462435212513613,0.311903992888555,0.0350766280397527,1,1,1,0.0109361790570873,1,1,1,0.926967728002493,1,1,0.0992340569768313,1,0.85960336036822,0.00205376400565908,0.0142487909232278,1,1,1
"endomembrane",1,2.75293622851601e-07,1,0.842829960505633,0.660388480905326,1,0.478849132426992,0.169463036005995,0.424716165946331,1,1,0.999062538305956,0.98429549291547,0.910109359651136,1,0.0388786679551163,0.949645897793239,0.772065070424209,1,0.660388480905326,0.031392751692693,0.0952771837807624,4.35204113167423e-07,0.810141608524492,0.9019194241712,1,1,0.00721379310692145,1,1.67796627459829e-05,0.564269215624333,1,0.215505467355505,1,0.0955750946360669,1,1,1,0.112590052975495,1,1,1,0.675110690746959,1,1,0.495685543165769,1,1,0.000226693605733292,0.0172665044852047,1,1,0.392520328778973
"ethylene",1,3.05798335943729e-10,1,0.999999718769994,0.984777223886604,0.99995369087772,0.882940212157473,0.795169349792693,0.737572659711517,0.829492301166381,1,0.999974926413138,0.998708717456034,0.999088550030003,0.99934628829336,9.50487413724248e-07,0.999997988918698,0.510632865598402,0.999982373597868,1,3.00914464359955e-06,0.106752470744364,2.34041287121576e-25,0.954966105479294,0.562297418625426,1,1,0.944824712657173,1,2.75790527370915e-12,0.401720614716775,1,0.00648671748214333,1,3.30641998442324e-05,1,0.99695625810188,1,0.000255064797407517,1,1,1,0.99878152057203,0.999997988918698,1,0.59531263819838,1,0.906541579274196,6.57586913959892e-11,0.000130696522621929,1,0.999999926071851,0.575122123076302
"gibberellin",1,1.40623052209022e-05,1,0.689443394515269,1,1,0.651800206464391,0.526759606166902,0.239309482414259,0.845747702987268,1,0.943857686893445,0.592541037536177,0.579360216086983,0.997577963566776,3.68149190854867e-05,0.703958958423481,0.962447805700229,0.970715937336441,1,5.32645123176629e-05,0.0367828374799705,4.88389589381965e-08,0.614391163264177,0.380222875146839,1,1,0.0686653449045241,1,7.45183795285168e-06,0.278365820190066,1,0.0400196377513598,1,0.0482373603851874,1,0.845747702987268,1,0.0164810809913857,1,1,1,0.555783905882422,0.997312899035509,1,0.126246908461634,1,0.340344788030202,4.00428768673648e-05,0.0212168003031188,1,1,0.12954474338271
"leaf vascular",1,1.07984954309686e-06,1,0.91346504228067,1,0.894957766688598,0.818852039985252,0.350237044577871,0.169439990896556,0.729749998806257,1,0.908185226392746,0.877664417376183,0.35251813582075,0.923028970931769,0.204774022540897,0.399123440916095,0.476630835310816,0.915539311118942,1,2.51645403296291e-07,0.943018147687339,9.26266829323865e-05,1,0.697444793978073,1,1,0.480141766261926,1,0.00228679271506413,0.165200628471151,1,0.915970601704825,1,0.611303858749714,1,1,1,0.0200871515568294,1,1,1,0.86936101029628,0.918378825264479,1,0.147438699761049,1,0.0558833972446456,0.181418249776628,0.0208939136323488,1,1,0.0714927037017004
"lipid",1,2.69117180516799e-43,1,0.999999985467747,0.998820078880444,1,0.935886267498124,0.7113676544064,0.562591060689592,0.797015516908545,1,0.999999998094533,0.999868554227383,0.978874703026273,0.999999919963381,2.22233845852596e-25,0.999999997302284,0.710802425926721,0.999999999999372,1,5.00693543365483e-24,0.0120191819888624,2.87312469336311e-91,0.962176880975872,0.432386638525401,1,1,0.000997465358452693,1,5.17728739350849e-51,1.71703836888305e-05,1,3.27965771742445e-07,0.0107397884980014,4.10443728671053e-13,1,0.99928327297632,1,4.52471149010952e-06,0.999998887640178,1,1,0.985643787035512,1,1,7.75235936101326e-07,1,0.446986924921821,6.45465693150698e-35,1.27920418629842e-20,1,1,0.206952728735176
"lysosome",1,0.000240650165102609,1,1,1,1,0.533005623767086,1,0.810141608524492,1,1,1,0.874676341470403,1,1,0.0350817554883424,1,0.86936101029628,1,1,0.112590052975495,0.403149491391723,0.00300574753306389,1,0.369225074852075,1,1,1,1,0.00212760781934435,1,1,0.0528777624167999,1,0.0175996949450398,1,1,1,1,1,1,1,1,0.906296814222312,1,0.439420865803142,1,0.200453314462549,0.029801989698751,0.035944622094942,1,1,1
"metal ion",1,2.41549254246783e-07,1,0.943144941218982,1,0.984777223886604,0.996987704947559,0.667969339605691,0.17829367839255,0.438077192507062,1,0.823066467158404,0.904229260669406,0.749155051628147,0.792672047536349,0.000695713750359169,0.98256991664233,0.491451123568278,0.943242186605538,1,0.000159943363946009,0.397907831203549,2.47069431223226e-12,1,0.141612924953201,1,1,0.342763989486082,1,3.30641998442324e-05,0.390760935330949,1,0.134940455399702,0.417236128767769,0.101568819301447,1,0.698013025621176,1,0.293551657333557,1,1,1,0.32822869135357,0.9995450088642,1,0.46282901956486,1,0.237036991240495,2.43177641699776e-08,0.0196733283251783,1,1,0.194790035703398
"nucleosome",1,0.627118428890686,1,1,1,1,1,1,0.339899657201481,1,1,1,1,1,1,0.236375725532206,1,1,1,1,1,0.721198384830923,0.00959657913326667,1,1,1,1,1,1,1,1,1,1,1,1,1,1,1,1,1,1,1,1,1,1,0.735304853092642,1,1,0.0685845494509436,1,1,1,1
"pectin",1,2.79957738751914e-07,1,0.94866698727098,0.911957061962455,0.928210528720327,0.691175657376439,0.825853347929712,0.618642772650251,0.653358167773216,1,0.88635841091902,0.822943539921924,0.789141243465314,0.958773400130315,0.00372919893942398,0.906031494130687,0.136057239296116,0.759682363295135,1,9.89435204015085e-06,0.444042459511788,7.74060883515573e-12,0.887260451964558,0.00577860729559609,1,1,0.00176810067887424,1,5.45818693155427e-08,0.120062645975268,1,0.00757786176600681,0.172525813316978,0.0123269739649746,1,1,1,0.00553362210020301,1,1,1,0.0843994959987685,0.999725187265955,1,0.362223665644797,1,0.388736659850085,4.4603440809763e-08,0.000235422234439851,1,1,0.103944130375337
"phloem",1,2.20403607509345e-10,1,0.995665550331157,0.948693259466707,0.993212727730797,0.283300132315718,0.744357510751137,0.210558252358308,0.588123824736699,1,0.999850311439619,0.988673493153475,0.789994344152044,0.996880327164029,7.45190140545806e-05,0.989424100895998,0.929038378352371,0.996290118989183,1,1.28309499755369e-05,0.384581447201863,1.80536243694485e-16,0.989633848775424,0.489266047944858,1,1,0.153123673846054,1,1.30091429033908e-10,0.00904424423500902,1,0.0236971774847722,0.232568870187433,0.011263046928722,1,1,1,0.00569318229999892,1,1,1,0.880849432953022,0.999997792115723,1,0.00150882115676609,1,0.738760703749178,2.08607083481812e-07,0.00012098522824891,1,0.999991301894654,0.0504728221991776
"photoperiodism",1,0.000107663750697134,1,0.98768842252949,0.848918321468664,1,0.433977861100124,0.915539311118942,0.524185488369188,0.926967728002493,1,0.991572160003144,0.931231409223671,0.923028970931769,0.922583715057257,0.00018915149255976,0.965135180782861,0.287130601219738,0.992867364724327,1,0.00910430119577211,0.0959539192845471,7.2833520318119e-11,0.945394727186441,0.605128402207831,1,1,1,1,1.3201624410536e-06,0.179637727725397,1,0.16174578424123,0.44094636804731,0.123571069593398,1,0.485778610178228,1,0.0558872678735517,1,1,1,0.772065070424209,0.997662108086622,1,0.0607175713924066,1,0.784217029451883,0.00342517685716569,0.000440285589305489,1,1,0.581997402534137
"photosynthesis",1,5.03959454505683e-06,1,0.524185488369188,1,1,0.937142697497392,0.103192190058847,0.401146787080185,0.845747702987268,1,0.990181031952182,0.760917422849648,0.355315722233333,0.850831892399442,9.78294334221743e-05,0.841429142744285,0.250812856285807,0.970715937336441,1,0.000874377343192157,0.939245413679506,4.07373215772843e-07,1,0.380222875146839,1,1,0.607246508994334,1,0.00183764601322722,0.0214322967222819,1,0.504204647324984,0.0657168494750662,0.0482373603851874,1,1,1,0.426585203519287,1,1,1,0.0748775443228163,1,1,0.0820332956447584,1,0.535095810309486,0.0121206189266712,0.0367828374799705,1,0.994989262315436,0.463691956913402
"phototropism",1,0.0181692728902024,1,1,1,1,1,1,0.339899657201481,1,1,1,1,1,1,0.60314680812206,1,0.39879585192348,1,1,0.252300403241739,1,1,1,1,1,1,1,1,1,0.0986309404304963,1,1,1,1,1,1,1,0.135303550650111,1,1,1,1,1,1,0.383473063329894,1,1,0.346718761663532,0.721198384830923,1,1,1
"pigment",1,0.00135066067089032,1,0.929264824569764,1,1,0.822476429362328,0.103192190058847,0.783565728121064,0.845747702987268,1,0.974417503429714,0.965574622013121,0.579360216086983,0.982988702285955,0.00321267643004955,1,0.962447805700229,0.970715937336441,1,1.16842467958746e-05,0.623364794410399,3.12076140242257e-06,1,0.805031809444883,1,1,0.240185827202992,1,0.000521434902458575,0.00072111911117683,1,0.301962396505795,1,0.0482373603851874,1,0.845747702987268,1,0.00383688548692922,0.645984922121358,1,1,0.555783905882422,1,1,0.126246908461634,1,0.535095810309486,0.0121206189266712,0.061160783026772,1,0.994989262315436,1
"senescence",1,5.51052273580444e-09,1,0.991572160003144,0.977176146443883,1,0.481302270206635,0.957608271791331,0.612862113496659,0.89370410616594,1,0.999996246916558,0.999992468692118,0.968450800363156,0.999794989075826,8.28754201517097e-06,0.999743032804152,0.901820386145789,0.99944639158421,0.977176146443883,4.87696742056178e-07,0.440081171583316,7.60219658579354e-15,0.997018826902926,0.728831726980507,1,1,0.267650851162529,1,4.10240181145570e-11,0.0748775443228163,1,0.0207612211420262,0.323965753295092,0.00185096897983014,1,0.89370410616594,1,0.00105895831939929,1,1,1,0.821373526583369,0.999998887923807,1,0.288484764561401,1,0.196773834649803,0.000119872783814877,0.000227246843754494,1,1,0.825276796232369
"ubiquitin",1,6.6732236384967e-22,1,0.9996545713839,0.99604344548621,1,0.994889504819332,0.67415846053939,0.211899726514508,0.980964967723308,1,0.999999985410632,0.999990544723209,0.988546305234225,0.999996538086599,6.83899171252273e-15,0.997748181443721,0.312753873619147,0.999999961704587,1,1.95158449206001e-15,0.0571824390805878,3.7357934713698e-39,0.949894593770985,0.554231190133909,1,1,0.0915300159382806,1,1.14384138936693e-27,0.000149342486672327,1,0.0440084540213098,0.0337499457706487,8.71599777665134e-10,1,0.906031494130687,1,0.00230700768492342,0.997312899035509,1,1,0.9990828565055,0.999999999061383,1,0.023545453542839,1,0.0385403624636469,1.19432674316976e-15,1.56231223109594e-10,1,0.999999999962529,0.010765318097091
"secretion",1,0.0181692728902024,1,0.44094636804731,1,1,0.36014637057413,1,0.339899657201481,0.170484150988426,1,0.323965753295092,1,1,0.122649920635902,0.0146859108401885,1,0.0928889862145236,0.297464020209293,0.126277700873178,1,0.365092604962051,0.00959657913326667,1,0.0466747475067764,1,1,0.0892223044305095,1,0.275233913474449,1,1,0.0504728221991776,0.0406853625312939,1,1,1,1,1,1,1,1,0.0349030564276317,1,1,0.0116361854127115,1,1,0.00937810928854519,0.00994088863219122,1,1,1
"light",1,3.98396871017956e-35,1,0.999999944783065,0.99996789744901,0.999999999999999,0.998891641611857,0.736006803575806,0.635305448045739,0.97950393738029,1,0.999999999999992,0.999999999977937,0.999986385656398,0.999999999998555,1.14377533478783e-19,0.999999974155724,0.331783736158283,0.999999999997908,0.99996789744901,7.42017191846722e-32,0.00383576188501923,4.7881171945702e-82,0.999998226072409,0.972865648763521,1,1,0.0615115964840046,1,2.76032968828735e-50,0.00264284921819606,1,0.000645036639563937,0.00859920555348,1.27049413994299e-11,1,0.997370618828982,1,1.64735547052383e-10,0.999998314654771,1,1,0.96598424725123,1,1,0.257771838125054,1,0.073783648362024,4.95068501434889e-33,4.16855639372118e-17,1,1,0.0625816921860832
"circadian",1,0.000440599663952113,1,0.969473876176465,1,1,0.28129938632188,0.653261482470671,0.454180053129273,0.308826741447109,1,0.547028075193742,0.602128946088955,0.835831008231581,0.487684966733412,2.09692684096047e-05,1,0.808625930613289,1,0.555125134854299,0.00900244501839624,0.499165079381523,3.84063955865549e-06,1,0.49064879399994,1,1,1,1,0.00376296763817885,0.00383424905783711,1,0.0412797862871641,0.0263463244285724,0.0488630623582096,1,1,1,0.0121314523455229,1,1,1,1,1,1,0.00154012805779482,1,0.90027267990303,0.00131936924903626,0.00243165910938231,1,1,1
"cell cycle",1,5.97356472120674e-20,1,0.997978856360202,1,0.999913363469853,0.839165357615296,0.890321158638236,0.00122815471414478,0.537674961963988,1,0.990240242291497,0.798649215563423,0.556974621583243,0.986895612372187,1.17680271486742e-08,0.920190618633691,0.099189568579559,0.999997881969876,0.959401661526293,1.22854343553104e-07,0.219663940959937,8.10993517186197e-16,0.947647774230244,0.234399847492947,1,1,0.0620825359923564,1,1.95077041290692e-13,0.000186946686533746,1,0.0222496658855224,0.00106310005499041,0.00069046343694746,1,0.992150544144178,1,0.0093589264028374,1,1,1,0.956698001003614,0.99993642619895,1,1.1628771980499e-05,1,0.452421200655204,5.70905365201785e-07,2.86953509586552e-06,1,0.999999345164463,0.00946876852873267
"vesicle",1,3.97579337418252e-19,1,0.997243455063292,0.99605392500989,0.99999814950272,0.872433372875158,0.929829044993044,0.631278868848345,0.879428703281814,1,0.999999716716589,0.997678119240557,0.962299337023691,0.999971405018093,1.00721187936286e-06,0.982502450363562,0.604264253184605,0.999992016524922,0.974210916852985,2.94977237472329e-06,0.428929401048625,1.05611473256201e-22,0.990830229871905,0.612301391838111,1,1,0.189143485039476,1,4.49253792811083e-13,0.0300486706984991,1,0.0415420832374067,0.00189290579694847,0.0114866177540883,1,0.982145259606841,1,0.0192079560697908,1,1,1,0.952142042806232,0.999999990814106,1,0.0243314511721663,1,0.508544659560782,2.6837155969925e-08,2.08490957522294e-05,1,0.999999999630284,0.25412638334668
"water",1,5.46963261991228e-38,1,0.999999999465128,0.999749164685453,1,0.998344782999097,0.419317603767361,0.780415755630554,0.876895124836777,1,0.999999999999961,0.999999990248855,0.963853126402975,0.999999999231855,5.96175387958351e-19,0.999999938853148,0.546359058030851,0.999999420783103,0.999998920134045,8.49772993081329e-32,0.0458346649695401,9.78665492618411e-71,0.997679968894701,0.697391635298474,1,1,0.00180842922789948,1,2.59748841036463e-43,0.00625643224280988,1,0.000542611581210041,0.144983958631765,3.02331128421117e-11,1,0.824790961072498,1,5.2621703809075e-08,1,1,1,0.809130702993047,1,1,0.0130931529117454,1,0.36396095694217,1.62239356190526e-25,1.68889232027462e-16,1,1,0.360579606326968
"sulfur",1,3.13752044678232e-09,1,0.872243727372499,1,1,0.229584408713831,0.667969339605691,0.786690499247522,0.438077192507062,1,0.823066467158404,0.80293955580836,0.749155051628147,0.890205949212521,1.58165029511144e-07,0.881515791417287,0.073415833359632,1,0.827081811123884,2.42105591316759e-06,0.771883836066199,2.14546375488646e-10,1,0.104035115511366,1,1,0.342763989486082,1,2.05174686250011e-06,0.390760935330949,1,0.00907939954594857,0.417236128767769,0.00223481875045695,1,1,1,0.0432617025321501,1,1,1,0.52237835878675,1,1,0.00615010903677189,1,0.0677387386661376,0.00178202950124145,1.09536280043852e-05,1,0.991934003806631,0.555125134854299
"translation",1,5.46148559403614e-24,1,0.998889221032806,0.816241054290643,0.999934166211743,0.673220024202992,0.793516154773583,0.089059464106061,0.358688325489917,1,0.999859502383487,0.994018968867329,0.985387527811037,0.998673545559569,1.17370368665818e-09,0.967182028915164,0.97467219130062,0.999982571648303,0.998977133072153,5.93891635831611e-13,0.0184793975368426,2.16513036586114e-36,0.993328680076869,0.413923852930008,1,1,0.854245872397001,1,6.93526879382164e-18,0.166030175412233,1,0.0265601846673779,0.355320195233044,0.00080210442225828,1,0.99594753550221,1,0.000694199741873181,1,1,1,0.924424777921355,0.999999899749848,1,0.0401841532860169,1,0.135059546175286,1.52485425847017e-13,4.74858448593257e-08,1,1,0.0162096482599645
"trichome",1,0.00322414017374402,1,1,1,1,0.747528028560323,1,0.917275403155595,1,1,0.969878909313604,0.955635671248735,0.271205512771654,0.97305050637571,0.47879688461022,0.971317886224055,0.808625930613289,1,1,0.520457102502519,0.152147938919117,3.56916151533703e-05,0.353962619897854,0.49064879399994,1,1,1,1,0.00376296763817885,1,1,0.311539832112046,1,0.555125134854299,1,1,1,0.581997402534137,1,1,1,1,0.971317886224055,1,0.54354795962649,1,0.90027267990303,0.0457544375294422,0.0252134759236913,1,1,1
