from,to,score
AT4G36930,AT4G35900,0.088815
AT2G46270,AT4G34000,0.088688
AT5G06960,AT1G61660,0.085827
AT5G38860,AT3G19860,0.081969
AT3G10800,AT5G08130,0.081675
AT4G34000,AT2G46270,0.081247
AT5G28770,AT3G06590,0.079848
AT4G35900,AT4G36930,0.078631
AT2G24260,AT4G01120,0.078362
AT1G68810,AT1G77920,0.078253
AT3G19860,AT5G38860,0.077156
AT1G63650,AT1G51140,0.076874
AT3G06590,AT5G28770,0.076534
AT3G23210,AT1G19490,0.076281
AT1G02340,AT5G39860,0.076253
AT1G61660,AT5G06960,0.07532
AT4G01120,AT2G24260,0.074781
AT1G10610,AT3G19860,0.074763
AT5G51780,AT5G51790,0.07448
AT2G21230,AT1G68920,0.073772
AT3G23210,AT5G61270,0.073553
AT2G18300,AT3G23210,0.07266
AT1G68920,AT2G31280,0.071475
AT3G19860,AT1G10610,0.070886
AT4G17880,AT3G23210,0.070409
AT3G17100,AT3G57800,0.069779
AT5G11260,AT1G19490,0.069361
AT3G26744,AT1G12860,0.068511
AT1G10610,AT5G24800,0.067976
AT3G10800,AT1G06070,0.067947
AT2G18300,AT1G19490,0.06698
AT5G54680,AT4G02640,0.066467
AT4G36540,AT2G18300,0.066025
AT3G47640,AT3G23210,0.066006
AT1G32640,AT1G35460,0.066
AT2G43060,AT1G02340,0.065096
AT1G02340,AT1G18400,0.064982
AT2G21230,AT3G56850,0.06487
AT4G17880,AT5G11260,0.064681
AT1G68920,AT4G38900,0.064242
AT3G10800,AT4G02640,0.063968
AT5G39860,AT2G42380,0.063909
AT5G49450,AT3G12250,0.063869
AT1G06850,AT5G44080,0.063816
AT4G36540,AT1G19490,0.063541
AT5G46760,AT1G68920,0.063519
AT1G43700,AT3G17100,0.063481
AT5G24800,AT1G22070,0.063198
AT2G31280,AT1G68920,0.063034
AT3G57800,AT4G36540,0.063018
AT2G18300,AT3G47640,0.063
AT4G36730,AT1G43700,0.062963
AT1G01260,AT1G09530,0.062857
AT3G54620,AT4G01120,0.06277
AT1G22070,AT1G49720,0.062682
AT2G46270,AT1G69010,0.06244
AT1G06070,AT3G10800,0.062356
AT4G17880,AT1G45249,0.062325
AT1G22070,AT2G41070,0.062158
AT1G06850,AT1G10610,0.062099
AT3G19290,AT5G54680,0.06206
AT1G77920,AT1G68810,0.061911
AT3G17100,AT5G10030,0.061508
AT5G08130,AT3G10800,0.061314
AT1G68920,AT2G21230,0.061183
AT3G54620,AT5G54680,0.061017
AT4G37730,AT2G22850,0.061006
AT4G17880,AT4G00050,0.060833
AT5G54680,AT3G19290,0.060791
AT3G56850,AT2G21230,0.060566
AT2G24260,AT3G54620,0.060507
AT2G43060,AT5G51780,0.060468
AT3G47640,AT2G42380,0.060438
AT1G02340,AT2G43060,0.060415
AT3G47640,AT1G03040,0.060375
AT5G10030,AT2G40620,0.06031
AT5G46760,AT5G51780,0.060274
AT1G12860,AT3G26744,0.059989
AT4G02640,AT5G54680,0.059915
AT4G38900,AT1G68920,0.059833
AT3G58120,AT5G10030,0.05968
AT4G36540,AT5G11260,0.059358
AT3G57800,AT3G17100,0.059276
AT5G44080,AT3G07340,0.059141
AT1G22070,AT5G24800,0.05903
AT5G44080,AT1G06850,0.058987
AT1G19490,AT5G11260,0.058962
AT2G41070,AT1G22070,0.058833
AT2G43060,AT5G51790,0.058623
AT4G17880,AT3G47640,0.058604
AT4G02640,AT1G68810,0.058432
AT1G19490,AT3G23210,0.058266
AT1G43700,AT4G36730,0.058114
AT1G45249,AT5G11260,0.057821
AT3G17100,AT5G28770,0.057664
AT3G57800,AT5G28770,0.057651
AT5G46760,AT1G06070,0.057628
AT5G08130,AT1G06070,0.057473
AT4G17880,AT1G19490,0.05681
AT3G56850,AT3G62090,0.056757
AT3G23210,AT3G47640,0.056686
AT5G11260,AT3G23210,0.056639
AT1G02340,AT5G51780,0.05657
AT5G46760,AT3G10800,0.056545
AT3G62090,AT3G56850,0.056337
AT3G17100,AT2G40620,0.056132
AT3G10800,AT3G19290,0.055923
AT3G54620,AT2G24260,0.055899
AT5G51790,AT5G51780,0.055444
AT2G21230,AT2G31280,0.055258
AT3G58120,AT1G06850,0.055135
AT1G19490,AT4G17880,0.05498
AT1G19490,AT3G47640,0.054904
AT3G54620,AT5G46690,0.054777
AT2G43010,AT3G59060,0.054613
AT2G42380,AT5G39860,0.054524
AT4G36730,AT5G49450,0.054368
AT4G35040,AT5G48560,0.054272
AT1G22070,AT4G36060,0.054207
AT5G46760,AT4G38900,0.054195
AT4G36540,AT4G01460,0.054179
AT3G23210,AT5G11260,0.054067
AT1G06070,AT4G02640,0.054011
AT4G36730,AT2G41070,0.05393
AT5G24800,AT4G36060,0.053923
AT1G45249,AT2G40950,0.053712
AT2G18300,AT5G11260,0.053695
AT3G10800,AT1G68920,0.053552
AT3G58120,AT2G20180,0.053551
AT1G45249,AT3G47640,0.053193
AT2G40620,AT5G10030,0.053186
AT5G51780,AT1G02340,0.052741
AT1G43700,AT3G56850,0.052738
AT4G14410,AT2G22770,0.052673
AT3G17100,AT3G58120,0.052631
AT3G17100,AT1G01260,0.052595
AT3G17100,AT1G10610,0.05257
AT3G47640,AT5G11260,0.052479
AT2G46270,AT1G61660,0.052476
AT1G43700,AT5G28770,0.052415
AT1G06850,AT2G43010,0.052385
AT1G45249,AT4G17880,0.052259
AT2G18300,AT1G45249,0.052136
AT4G36540,AT3G47640,0.051975
AT3G17100,AT3G06590,0.051854
AT1G19490,AT1G45249,0.051452
AT3G51960,AT1G35460,0.051437
AT5G11260,AT1G45249,0.051376
AT4G36540,AT3G23210,0.051302
AT3G23210,AT4G00050,0.051259
AT5G11260,AT1G05805,0.051225
AT4G36540,AT1G45249,0.051044
AT3G56850,AT5G44080,0.05091
AT1G45249,AT1G19490,0.050739
AT1G10120,AT2G22770,0.050737
AT1G45249,AT3G23210,0.050705
AT3G57800,AT5G57150,0.050666
AT5G51780,AT5G46760,0.050638
AT5G28770,AT4G36540,0.05056
AT3G19290,AT4G34000,0.050448
AT1G06070,AT2G40950,0.050257
AT5G28770,AT5G38860,0.050251
AT4G17880,AT1G29950,0.050246
AT5G49450,AT5G61270,0.050237
AT3G57800,AT5G38860,0.050211
AT3G57800,AT5G61270,0.050202
AT5G46760,AT1G02340,0.050054
AT2G22770,AT1G10120,0.050045
AT2G18300,AT4G36540,0.050041
AT2G31370,AT2G40950,0.049976
AT1G10610,AT1G06850,0.049893
AT5G11260,AT3G47640,0.049889
AT4G01120,AT3G54620,0.049881
AT1G06850,AT3G07340,0.049732
AT3G62090,AT2G21230,0.049684
AT2G46270,AT5G46690,0.04962
AT3G19290,AT3G10800,0.049551
AT3G62090,AT1G09530,0.049504
AT2G22850,AT4G37730,0.049454
AT5G46690,AT2G46270,0.049277
AT1G68810,AT3G23690,0.04917
AT4G29100,AT2G40950,0.04916
AT3G26744,AT4G35040,0.049066
AT5G46760,AT2G42280,0.048762
AT1G06070,AT5G08130,0.048605
AT3G17100,AT1G43700,0.048582
AT1G68920,AT4G02640,0.048521
AT3G47640,AT1G45249,0.048412
AT2G40950,AT4G29100,0.048181
AT5G57150,AT1G22070,0.048163
AT3G56850,AT3G17100,0.048095
AT2G24260,AT5G46760,0.048093
AT1G22070,AT5G57150,0.048047
AT5G49450,AT2G18300,0.047934
AT3G19290,AT5G08130,0.047721
AT1G68920,AT1G06070,0.047679
AT1G45249,AT5G06960,0.047607
AT5G46760,AT2G31280,0.0476
AT4G37730,AT4G09180,0.047473
AT1G45249,AT2G31370,0.047409
AT1G43700,AT5G49450,0.047367
AT4G01120,AT5G46690,0.047344
AT5G54680,AT3G54620,0.047325
AT4G36540,AT1G29950,0.04728
AT1G43700,AT4G02590,0.047268
AT3G23210,AT4G17880,0.047188
AT5G46760,AT2G21230,0.047071
AT3G47640,AT1G19490,0.047047
AT1G45249,AT4G30180,0.047035
AT1G45249,AT1G32640,0.047007
AT1G43700,AT3G62090,0.046986
AT3G10800,AT2G46270,0.04696
AT3G59060,AT2G43010,0.046894
AT4G36540,AT4G17880,0.046881
AT1G19490,AT2G46810,0.046874
AT5G28770,AT5G57150,0.04687
AT3G19860,AT2G16770,0.046755
AT3G10800,AT2G31280,0.046723
AT5G49450,AT4G36730,0.046665
AT2G43060,AT5G39860,0.046545
AT2G46270,AT5G06960,0.046529
AT4G34000,AT2G46810,0.046389
AT1G01260,AT4G30410,0.046371
AT5G49450,AT3G61950,0.046364
AT3G56850,AT2G40620,0.046361
AT4G29100,AT4G35040,0.046259
AT3G47640,AT1G29950,0.046103
AT3G57800,AT3G06590,0.045992
AT1G02340,AT3G25710,0.045847
AT1G45249,AT1G29950,0.045808
AT1G43700,AT3G57800,0.0458
AT2G21230,AT3G62090,0.045787
AT1G19490,AT1G29950,0.045753
AT5G38860,AT3G12250,0.045734
AT1G35460,AT3G51960,0.045554
AT1G06070,AT3G19290,0.045512
AT3G58120,AT5G65210,0.04549
AT1G06070,AT1G68920,0.045441
AT5G38860,AT1G10610,0.045325
AT3G57800,AT1G01260,0.045313
AT1G01260,AT3G17100,0.045207
AT5G28770,AT4G02590,0.045177
AT3G23690,AT4G16430,0.045119
AT1G43700,AT1G10610,0.044906
AT4G36540,AT5G61270,0.044842
AT1G06850,AT3G59060,0.044826
AT3G06590,AT1G27660,0.044636
AT1G03040,AT2G46510,0.044581
AT5G48560,AT4G35040,0.044555
AT4G36730,AT3G62090,0.044495
AT5G54680,AT1G77920,0.044495
AT3G17100,AT4G36730,0.044434
AT4G38900,AT2G21230,0.044353
AT5G46760,AT4G02640,0.04426
AT5G46760,AT3G26744,0.044228
AT5G11260,AT1G29950,0.044219
AT1G43700,AT1G02340,0.04415
AT5G10030,AT2G20180,0.044149
AT1G10610,AT5G38860,0.04414
AT3G47640,AT4G17880,0.044077
AT4G01460,AT1G73830,0.044037
AT5G10030,AT3G58120,0.043996
AT4G36730,AT3G57800,0.043928
AT1G63650,AT5G50915,0.043899
AT1G45249,AT1G42990,0.043853
AT3G51960,AT1G72210,0.043844
AT1G32150,AT1G10120,0.043696
AT1G01260,AT1G69010,0.043651
AT3G10800,AT3G54620,0.043624
AT2G18300,AT4G00050,0.043581
AT2G21230,AT4G38900,0.043575
AT5G24800,AT1G10610,0.043573
AT1G19490,AT4G09180,0.043567
AT3G62090,AT1G01260,0.043565
AT2G31280,AT2G21230,0.04354
AT3G17100,AT3G56850,0.043517
AT3G19290,AT2G46270,0.043402
AT4G36730,AT3G17100,0.04333
AT1G01260,AT3G57800,0.043305
AT5G10030,AT1G08320,0.043257
AT4G36730,AT3G12250,0.043141
AT3G54620,AT3G19290,0.043132
AT3G54620,AT5G06950,0.04313
AT3G56850,AT3G57800,0.043105
AT4G36730,AT5G24800,0.042881
AT3G47640,AT4G00050,0.042872
AT5G54680,AT1G68810,0.04287
AT3G57800,AT4G01460,0.042824
AT4G36540,AT5G28770,0.04282
AT1G51140,AT1G63650,0.042791
AT5G38860,AT5G57150,0.042736
AT2G42280,AT1G09530,0.042729
AT1G32640,AT2G40950,0.042654
AT3G06590,AT1G63650,0.042616
AT5G06960,AT2G47270,0.042606
AT3G54620,AT4G02640,0.042604
AT5G51780,AT2G43060,0.042519
AT1G02340,AT5G46760,0.042514
AT4G17880,AT1G42990,0.042499
AT1G42990,AT1G45249,0.042459
AT5G11260,AT4G17880,0.04244
AT2G41070,AT1G10120,0.042322
AT1G43700,AT5G38860,0.042297
AT5G08130,AT1G68810,0.042284
AT2G18300,AT4G17880,0.042135
AT1G10120,AT1G32150,0.042102
AT1G06850,AT3G58120,0.042098
AT3G62090,AT1G02340,0.04193
AT2G40950,AT1G32640,0.041908
AT1G06070,AT4G38900,0.041874
AT3G19860,AT1G03970,0.041641
AT4G02590,AT1G27660,0.041521
AT2G18300,AT1G29950,0.041458
AT4G29100,AT4G30980,0.041352
AT3G12250,AT2G22770,0.041337
AT3G10800,AT4G34000,0.04133
AT5G46760,AT4G35040,0.041271
AT5G46760,AT2G24260,0.041162
AT1G43700,AT2G43060,0.041147
AT3G57800,AT1G43700,0.041123
AT5G38860,AT1G03970,0.041107
AT3G57800,AT3G62090,0.041005
AT2G40950,AT2G31370,0.040982
AT1G10120,AT2G41070,0.040978
AT4G09180,AT1G06850,0.04094
AT4G01120,AT1G02340,0.040871
AT3G57800,AT3G19860,0.040831
AT3G17100,AT3G62090,0.040805
AT4G02640,AT3G54620,0.040799
AT3G56850,AT1G68920,0.040755
AT5G48560,AT5G67110,0.040666
AT3G56850,AT1G08320,0.040638
AT3G56850,AT4G30410,0.040578
AT3G57800,AT3G56850,0.040528
AT1G49720,AT4G36060,0.040481
AT5G08130,AT4G34000,0.040448
AT1G09530,AT2G42280,0.040425
AT5G28770,AT1G27660,0.040409
AT2G31370,AT1G32640,0.040379
AT4G36060,AT5G24800,0.040281
AT3G19860,AT5G24800,0.040271
AT1G42990,AT1G32640,0.040207
AT5G49450,AT2G16770,0.040188
AT3G06590,AT4G01460,0.040183
AT2G42280,AT5G46760,0.040037
AT1G68920,AT3G10800,0.03997
AT2G31280,AT1G06070,0.039942
AT1G01260,AT3G62090,0.039903
AT2G40950,AT1G06070,0.039862
AT4G01120,AT2G46270,0.039813
AT4G38900,AT1G06070,0.03979
AT3G26744,AT1G68810,0.039782
AT3G23210,AT2G18300,0.039772
AT1G06850,AT3G19860,0.039746
AT4G36540,AT4G02590,0.039704
AT3G10800,AT5G46690,0.039688
AT1G68920,AT2G31730,0.039649
AT3G06590,AT2G40620,0.03962
AT1G03040,AT2G27230,0.039581
AT5G08130,AT2G46270,0.039503
AT1G26260,AT1G51140,0.039473
AT3G58120,AT3G07340,0.039426
AT5G49450,AT4G00480,0.039402
AT5G49450,AT1G43700,0.039328
AT1G10610,AT1G03970,0.039309
AT3G56850,AT1G43700,0.039266
AT1G06070,AT5G54680,0.039214
AT5G50915,AT1G63650,0.039104
AT4G01460,AT4G36540,0.039086
AT5G06960,AT1G42990,0.039081
AT3G56850,AT5G10030,0.038985
AT3G10800,AT4G35040,0.038959
AT1G01260,AT4G38900,0.03881
AT5G06960,AT4G30180,0.038668
AT2G21230,AT1G06070,0.038592
AT4G35040,AT4G29100,0.038564
AT5G28770,AT5G61270,0.038497
AT2G43060,AT1G12860,0.038409
AT5G28770,AT4G36730,0.038343
AT1G06070,AT2G31370,0.038252
AT5G24800,AT1G10120,0.038126
AT5G44080,AT3G58120,0.038122
AT1G06070,AT2G31280,0.038111
AT3G57800,AT5G44080,0.037971
AT1G42990,AT2G47270,0.037924
AT5G49450,AT2G41070,0.037867
AT2G41070,AT5G24800,0.037858
AT4G34000,AT1G61660,0.037748
AT2G24260,AT3G19290,0.037732
AT1G29950,AT3G47640,0.037631
AT1G12860,AT5G48560,0.037563
AT4G16430,AT3G23690,0.037502
AT3G57800,AT1G06850,0.037466
AT4G36730,AT5G57150,0.037465
AT5G10030,AT1G26260,0.037463
AT3G62090,AT4G38900,0.037442
AT3G12250,AT4G14410,0.037426
AT5G28770,AT2G40620,0.037403
AT4G16430,AT4G14410,0.037391
AT3G10800,AT4G01120,0.037376
AT1G08320,AT1G05805,0.037376
AT5G24800,AT3G19860,0.037375
AT1G61660,AT1G69010,0.037239
AT5G44080,AT3G56850,0.037187
AT3G10800,AT2G21230,0.037167
AT3G58120,AT2G40620,0.037156
AT3G57800,AT4G36730,0.037147
AT5G28770,AT1G63650,0.037112
AT3G17100,AT2G20180,0.037074
AT4G35040,AT3G26744,0.037073
AT5G49450,AT2G43060,0.037031
AT2G47270,AT2G22850,0.036951
AT2G31370,AT4G29100,0.036928
AT3G62090,AT1G43700,0.036919
AT3G19290,AT3G54620,0.036908
AT1G09530,AT1G01260,0.036908
AT5G44080,AT2G40620,0.036906
AT3G12250,AT5G49450,0.036896
AT1G32640,AT4G29100,0.036883
AT5G51790,AT2G43060,0.036869
AT5G24800,AT2G41070,0.036819
AT3G23210,AT4G09180,0.036803
AT2G40620,AT1G05805,0.036771
AT5G10030,AT5G65210,0.036647
AT1G42990,AT4G17880,0.036637
AT4G02640,AT3G10800,0.036619
AT1G42990,AT2G22850,0.036592
AT5G46760,AT1G12860,0.036577
AT5G49450,AT1G02340,0.036429
AT4G02640,AT1G06070,0.036362
AT2G31280,AT3G19290,0.036361
AT4G01460,AT1G59640,0.036286
AT2G43060,AT5G67110,0.036219
AT2G22770,AT3G51960,0.036181
AT2G40620,AT3G56850,0.036164
AT1G45249,AT4G29100,0.036163
AT4G36730,AT1G09530,0.036117
AT3G19290,AT4G02640,0.036116
AT2G40620,AT5G44080,0.036092
AT2G42280,AT3G26744,0.036056
AT1G27660,AT4G02590,0.035995
AT1G43700,AT4G01120,0.035991
AT4G35040,AT3G25710,0.035943
AT5G54680,AT4G34000,0.035918
AT2G20180,AT3G05800,0.035849
AT3G17100,AT4G00480,0.03583
AT3G06590,AT5G65210,0.035806
AT2G24260,AT4G34000,0.035793
AT3G62090,AT2G24260,0.035779
AT1G73830,AT5G15160,0.035773
AT5G38860,AT2G16770,0.035757
AT5G65640,AT3G61950,0.035754
AT1G03970,AT2G43010,0.035636
AT3G56850,AT1G26260,0.035608
AT5G44080,AT3G19860,0.0356
AT5G06960,AT1G32640,0.035576
AT3G19860,AT1G06850,0.035511
AT1G10120,AT2G41130,0.035421
AT5G06960,AT1G09250,0.035364
AT5G57150,AT3G20640,0.035342
AT2G43010,AT1G06850,0.03532
AT1G43700,AT2G40620,0.035311
AT5G61270,AT4G36540,0.035297
AT4G34000,AT5G06960,0.035285
AT4G36730,AT3G20640,0.035281
AT5G46690,AT5G15160,0.035272
AT1G43700,AT3G06590,0.035262
AT3G57800,AT4G02590,0.035259
AT4G36060,AT1G49720,0.035238
AT2G40620,AT3G05800,0.035183
AT3G23210,AT5G62610,0.035177
AT5G48560,AT1G26260,0.035126
AT5G38860,AT1G22070,0.035108
AT5G51790,AT1G51070,0.035081
AT5G61270,AT2G16770,0.035056
AT3G56850,AT2G31280,0.035043
AT5G28770,AT1G19490,0.035012
AT2G21230,AT5G44080,0.03499
AT5G38860,AT5G24800,0.034941
AT1G43700,AT5G57150,0.034941
AT1G01260,AT1G18400,0.034862
AT2G43060,AT5G49450,0.034857
AT5G11260,AT4G30180,0.034844
AT1G43700,AT5G51780,0.034843
AT3G23210,AT1G45249,0.034821
AT1G43700,AT5G10030,0.034765
AT2G21230,AT3G10800,0.034692
AT4G36540,AT3G06590,0.034527
AT3G56850,AT5G54680,0.034501
AT3G56850,AT3G54620,0.03447
AT3G10800,AT2G31730,0.034467
AT1G02340,AT1G43700,0.034455
AT3G26744,AT5G46760,0.0344
AT1G02340,AT3G62090,0.034396
AT3G57800,AT3G58120,0.034391
AT5G44080,AT1G03970,0.034375
AT2G43060,AT1G18400,0.034354
AT3G56850,AT4G38900,0.034309
AT1G02340,AT5G51790,0.034304
AT1G06070,AT2G46270,0.03427
AT2G43010,AT3G24140,0.034255
AT1G10610,AT2G43010,0.03423
AT3G57800,AT4G30410,0.034204
AT1G32640,AT4G30180,0.034187
AT1G19490,AT4G00050,0.034181
AT4G01120,AT5G49450,0.034152
AT3G26744,AT4G29100,0.034129
AT3G06590,AT1G08320,0.034109
AT4G01120,AT3G10800,0.03404
AT5G38860,AT4G02590,0.034015
AT4G14410,AT2G41130,0.033981
AT1G06850,AT1G03970,0.033942
AT5G28770,AT3G47640,0.033927
AT3G56850,AT1G09530,0.033922
AT2G31280,AT3G10800,0.033909
AT5G28770,AT5G65210,0.033906
AT4G34000,AT1G69010,0.033904
AT2G22850,AT2G47270,0.033873
AT1G45249,AT4G00050,0.03387
AT2G46270,AT3G19290,0.033842
AT1G19490,AT4G30180,0.033841
AT5G61270,AT5G28770,0.033835
AT5G38860,AT5G61270,0.033816
AT1G12860,AT2G43060,0.033716
AT2G46510,AT2G27230,0.033602
AT2G24260,AT3G62090,0.033576
AT5G57150,AT3G06590,0.033562
AT4G02640,AT1G68920,0.033558
AT3G19290,AT2G31280,0.033543
AT1G02340,AT2G42280,0.033536
AT4G36730,AT1G02340,0.033524
AT4G02640,AT4G35040,0.033512
AT3G19860,AT2G43010,0.033493
AT1G06070,AT4G34000,0.033493
AT3G62090,AT2G43060,0.033457
AT3G17100,AT4G30410,0.033442
AT5G61270,AT4G09180,0.033403
AT3G62090,AT2G42280,0.033351
AT3G62090,AT5G44080,0.033344
AT5G65640,AT5G46760,0.033334
AT3G57800,AT1G22070,0.033323
AT2G24260,AT3G10800,0.033307
AT1G43700,AT5G65210,0.033269
AT3G06590,AT1G10610,0.033249
AT3G62090,AT5G10030,0.033243
AT2G40620,AT2G20180,0.033152
AT1G01260,AT5G39860,0.033122
AT5G28770,AT3G17100,0.033092
AT3G17100,AT4G36540,0.033038
AT5G08130,AT3G19290,0.032974
AT2G18300,AT4G30180,0.032958
AT1G02340,AT5G49450,0.032924
AT1G45249,AT1G61660,0.032914
AT1G12860,AT5G46760,0.032875
AT3G17100,AT1G63650,0.032872
AT5G51780,AT5G39860,0.032868
AT2G31730,AT1G77920,0.032838
AT4G34000,AT3G19290,0.032799
AT1G45249,AT2G46810,0.03275
AT3G17100,AT2G43010,0.032737
AT3G57800,AT1G10610,0.032732
AT3G06590,AT5G57150,0.032713
AT1G02340,AT2G24260,0.03271
AT3G19290,AT1G06070,0.032686
AT2G24260,AT1G02340,0.032639
AT2G24260,AT5G46690,0.032552
AT1G73830,AT2G18300,0.032527
AT2G24260,AT2G46270,0.032502
AT3G47640,AT5G62610,0.032496
AT3G06590,AT3G20640,0.032455
AT4G36730,AT5G28770,0.03244
AT4G17880,AT4G30180,0.032395
AT1G22070,AT3G20640,0.032356
AT3G17100,AT1G08320,0.032343
AT1G68810,AT4G02640,0.03233
AT4G01120,AT2G43060,0.032325
AT2G40620,AT3G19860,0.032318
AT2G41070,AT5G65640,0.032295
AT3G19860,AT3G07340,0.032262
AT1G08320,AT1G26260,0.032257
AT3G56850,AT1G01260,0.032183
AT4G36730,AT3G61950,0.032171
AT3G07340,AT1G06850,0.032154
AT3G54620,AT1G08320,0.03215
AT1G01260,AT5G08130,0.032145
AT4G17880,AT1G32640,0.032117
AT1G35460,AT1G72210,0.032112
AT1G19490,AT1G42990,0.032089
AT5G65640,AT1G12860,0.032082
AT5G28770,AT1G10610,0.032039
AT5G61270,AT5G38860,0.031999
AT1G02340,AT1G01260,0.031996
AT2G43060,AT2G24260,0.031994
AT5G28770,AT5G10030,0.031963
AT5G46760,AT1G18400,0.031949
AT4G29100,AT2G31370,0.031933
AT2G18300,AT5G61270,0.031867
AT3G26744,AT2G40950,0.031823
AT2G40620,AT1G08320,0.031788
AT2G21230,AT2G42280,0.031781
AT5G28770,AT3G58120,0.031749
AT5G46690,AT4G01120,0.031734
AT5G28770,AT4G01460,0.031729
AT4G01120,AT5G51780,0.031725
AT2G43010,AT2G42380,0.031697
AT5G08130,AT2G31370,0.031687
AT3G62090,AT2G31280,0.031681
AT2G43060,AT5G46760,0.031642
AT5G51780,AT2G42280,0.031637
AT3G62090,AT4G01120,0.031631
AT3G23210,AT1G29950,0.0316
AT1G43700,AT5G50915,0.031592
AT1G29950,AT1G45249,0.031515
AT2G31280,AT3G25710,0.031511
AT4G36540,AT4G30180,0.03151
AT1G68810,AT2G31730,0.031448
AT1G05805,AT1G08320,0.031446
AT4G17880,AT2G18300,0.031434
AT2G31280,AT2G46270,0.031419
AT3G26744,AT5G48560,0.031325
AT4G09180,AT1G03970,0.031307
AT1G43700,AT1G08320,0.03114
AT4G34000,AT3G59060,0.031139
AT4G36060,AT1G10120,0.031091
AT5G24800,AT1G49720,0.031083
AT5G11260,AT4G00050,0.030971
AT5G08130,AT4G02640,0.03096
AT5G28770,AT2G18300,0.030958
AT3G20640,AT4G30980,0.030946
AT3G58120,AT5G39860,0.030886
AT3G54620,AT2G46270,0.030884
AT2G40620,AT4G38900,0.030884
AT3G26744,AT1G06070,0.030861
AT4G01120,AT1G43700,0.030839
AT5G46760,AT2G31730,0.030833
AT2G42280,AT5G51780,0.030803
AT5G54680,AT1G06070,0.030779
AT1G35460,AT3G24140,0.030714
AT3G10800,AT2G31370,0.030661
AT5G51780,AT5G49450,0.030647
AT5G65210,AT1G26260,0.030635
AT5G65640,AT3G26744,0.030624
AT5G49450,AT5G51780,0.030597
AT4G02590,AT5G61270,0.030561
AT1G35460,AT5G53210,0.030559
AT5G46690,AT2G24260,0.030546
AT3G57800,AT2G18300,0.030488
AT2G43060,AT3G62090,0.030484
AT5G38860,AT2G43010,0.030479
AT1G29950,AT4G17880,0.030475
AT2G21230,AT1G09530,0.030451
AT5G28770,AT3G19860,0.030448
AT1G08320,AT1G12860,0.030399
AT1G68810,AT5G54680,0.030397
AT1G43700,AT1G01260,0.030387
AT3G54620,AT5G08130,0.030379
AT3G19290,AT1G32150,0.030379
AT1G10610,AT3G07340,0.030337
AT1G63650,AT3G19860,0.030324
AT5G51780,AT1G18400,0.030316
AT3G54620,AT3G10800,0.0303
AT2G46510,AT1G03040,0.030295
AT1G43700,AT4G00480,0.030279
AT1G68920,AT5G54680,0.030225
AT3G26744,AT4G14410,0.030224
AT2G18300,AT1G42990,0.030172
AT1G73830,AT1G51070,0.03014
AT3G57800,AT2G16770,0.030138
AT2G43010,AT1G03970,0.030122
AT4G02640,AT1G77920,0.030107
AT4G38900,AT2G31280,0.030089
AT3G47640,AT2G18300,0.030046
AT5G54680,AT2G46270,0.030043
AT1G02340,AT4G01120,0.029986
AT2G24260,AT5G51780,0.029982
AT3G17100,AT5G65210,0.029964
AT1G12860,AT4G35900,0.029934
AT3G06590,AT3G58120,0.02993
AT5G49450,AT4G02590,0.029875
AT5G08130,AT2G40950,0.029856
AT2G21230,AT1G01260,0.029833
AT1G61660,AT4G34000,0.029826
AT2G27230,AT1G03040,0.029809
AT3G10800,AT5G54680,0.029789
AT1G73830,AT3G12250,0.02978
AT3G58120,AT4G36540,0.029739
AT5G38860,AT5G28770,0.029726
AT3G17100,AT5G38860,0.029719
AT1G19490,AT2G42300,0.029684
AT4G36730,AT4G02590,0.029655
AT3G47640,AT1G42990,0.02964
AT3G47640,AT4G30180,0.029618
AT5G61270,AT4G02590,0.029572
AT4G09180,AT2G43010,0.029528
AT4G30410,AT1G69010,0.029523
AT5G38860,AT1G10120,0.029517
AT3G17100,AT1G69010,0.029482
AT4G02640,AT2G31280,0.029477
AT1G68920,AT3G56850,0.02947
AT2G42280,AT1G12860,0.029463
AT1G19490,AT1G49720,0.02945
AT1G26260,AT1G08320,0.029427
AT2G22850,AT5G15160,0.029424
AT4G09180,AT4G37730,0.029336
AT1G02340,AT4G30410,0.02932
AT5G28770,AT2G20180,0.029298
AT2G31280,AT5G08130,0.029296
AT1G18400,AT5G53210,0.029257
AT5G49450,AT1G73830,0.029255
AT5G54680,AT1G32150,0.029253
AT2G24260,AT1G43700,0.029225
AT4G01460,AT3G06590,0.029215
AT3G26744,AT2G31370,0.029196
AT5G28770,AT2G16770,0.029181
AT5G46760,AT2G43060,0.029174
AT4G17880,AT5G62610,0.029164
AT1G68920,AT3G19290,0.029163
AT1G63650,AT5G67110,0.029151
AT1G22070,AT2G22770,0.029131
AT4G02640,AT4G29100,0.029022
AT5G65640,AT2G46510,0.029021
AT5G51780,AT1G43700,0.029005
AT4G01120,AT5G46760,0.028955
AT5G61270,AT2G18300,0.028949
AT1G12860,AT5G67110,0.028928
AT2G43060,AT1G01260,0.02891
AT3G59060,AT1G01260,0.028894
AT5G49450,AT4G36540,0.028859
AT5G06960,AT1G45249,0.028828
AT2G21230,AT3G54620,0.028808
AT3G61950,AT2G35530,0.028727
AT5G38860,AT2G41070,0.028704
AT5G28770,AT1G22070,0.028675
AT1G45249,AT5G62610,0.028656
AT2G24260,AT2G42280,0.028639
AT2G31370,AT1G06070,0.028627
AT3G62090,AT1G63650,0.028561
AT3G56850,AT4G36730,0.028549
AT3G10800,AT4G38900,0.028496
AT1G43700,AT2G21230,0.028484
AT5G28770,AT4G00050,0.028418
AT1G43700,AT2G24260,0.028388
AT5G28770,AT5G50915,0.028255
AT4G01120,AT4G00480,0.028253
AT1G10610,AT3G58120,0.028243
AT3G62090,AT5G46760,0.028239
AT5G49450,AT3G62090,0.028191
AT5G51780,AT2G24260,0.028166
AT1G06070,AT3G26744,0.028162
AT4G38900,AT2G42380,0.028149
AT4G02640,AT3G19290,0.028089
AT3G07340,AT5G44080,0.028071
AT4G29100,AT1G32640,0.028069
AT1G10610,AT4G36060,0.028042
AT3G06590,AT3G17100,0.028008
AT3G06590,AT5G44080,0.027998
AT2G27230,AT2G46510,0.027982
AT2G46270,AT4G01120,0.02797
AT2G18300,AT5G62610,0.027959
AT2G21230,AT3G17100,0.027933
AT4G01460,AT3G24140,0.027908
AT4G30410,AT1G01260,0.027887
AT3G10800,AT3G26744,0.027847
AT3G59060,AT1G09530,0.027846
AT5G38860,AT4G36540,0.027813
AT4G36730,AT5G50915,0.027789
AT2G31280,AT4G02640,0.027733
AT1G03970,AT1G06850,0.027717
AT5G28770,AT1G08320,0.027605
AT2G46270,AT1G49720,0.027579
AT3G62090,AT5G51780,0.02755
AT4G00050,AT3G47640,0.027484
AT3G62090,AT5G49450,0.02743
AT2G40620,AT3G06590,0.027427
AT4G29100,AT1G35460,0.02741
AT1G43700,AT1G69010,0.02737
AT3G62090,AT1G68920,0.027345
AT4G35040,AT4G02640,0.027344
AT5G61270,AT3G23210,0.027329
AT1G43700,AT4G36540,0.027276
AT2G24260,AT5G08130,0.027261
AT5G28770,AT5G11260,0.02726
AT4G36730,AT1G22070,0.027243
AT3G57800,AT5G49450,0.027239
AT1G43700,AT3G54620,0.027235
AT1G68920,AT4G35040,0.027166
AT4G01120,AT3G19290,0.027151
AT5G11260,AT1G42990,0.027139
AT5G49450,AT1G51070,0.027119
AT1G45249,AT4G30980,0.027118
AT4G36730,AT5G38860,0.027075
AT3G47640,AT2G46510,0.027067
AT5G06960,AT2G46810,0.027052
AT2G21230,AT1G43700,0.02705
AT3G54620,AT2G31280,0.027009
AT1G18400,AT5G39860,0.027006
AT2G31280,AT4G34000,0.027005
AT3G07340,AT3G58120,0.026985
AT5G48560,AT4G36930,0.026947
AT1G12860,AT4G36930,0.026931
AT3G58120,AT3G17100,0.026911
AT2G43060,AT4G30410,0.026901
AT2G24260,AT3G26744,0.026828
AT2G46270,AT2G24260,0.026788
AT1G10120,AT4G36060,0.026778
AT2G43060,AT1G43700,0.026765
AT2G40620,AT2G21230,0.026762
AT4G36730,AT4G00480,0.026689
AT3G62090,AT3G57800,0.026605
AT1G43700,AT5G24800,0.026603
AT4G01460,AT1G63650,0.026514
AT5G48560,AT3G26744,0.026488
AT2G31280,AT3G56850,0.026484
AT3G62090,AT1G26260,0.026431
AT1G42990,AT1G09250,0.026431
AT5G46760,AT5G51790,0.026379
AT3G58120,AT2G42380,0.026362
AT2G41070,AT4G36730,0.02632
AT5G46760,AT5G08130,0.026316
AT2G21230,AT1G02340,0.026315
AT2G21230,AT3G57800,0.026305
AT5G50915,AT3G61950,0.026296
AT2G24260,AT2G43060,0.026283
AT3G17100,AT3G19860,0.026277
AT2G41070,AT2G22770,0.026276
AT4G38900,AT1G09530,0.026238
AT1G73830,AT3G24140,0.026236
AT5G46690,AT5G46760,0.026218
AT3G59060,AT1G06850,0.026199
AT5G08130,AT3G59060,0.026189
AT1G43700,AT1G63650,0.026163
AT5G39860,AT1G03040,0.026159
AT5G39860,AT1G18400,0.026118
AT2G43060,AT5G65210,0.026096
AT3G23210,AT4G30180,0.026092
AT4G00480,AT5G08130,0.026082
AT2G40620,AT3G07340,0.026081
AT4G17880,AT4G29100,0.026075
AT3G17100,AT5G24800,0.02598
AT1G01260,AT1G06850,0.025953
AT5G61270,AT4G01460,0.025925
AT3G17100,AT1G06850,0.025911
AT3G58120,AT5G44080,0.025849
AT3G23210,AT4G36540,0.02584
AT4G34000,AT5G08130,0.025837
AT5G08130,AT4G14410,0.025836
AT4G29100,AT1G45249,0.025833
AT2G41070,AT3G12250,0.025801
AT4G30410,AT1G09250,0.025797
AT2G46270,AT5G08130,0.025743
AT3G57800,AT4G00480,0.025709
AT1G32640,AT2G31370,0.025692
AT5G08130,AT1G01260,0.025667
AT2G20180,AT5G10030,0.025656
AT4G36540,AT2G16770,0.025655
AT1G51070,AT1G73830,0.025608
AT3G58120,AT5G28770,0.025597
AT5G06960,AT4G34000,0.025594
AT1G42990,AT4G16430,0.025581
AT1G09250,AT2G41130,0.025575
AT2G21230,AT5G46760,0.025569
AT3G05800,AT2G20180,0.025566
AT3G17100,AT1G02340,0.025563
AT2G31280,AT2G42280,0.025517
AT5G10030,AT3G56850,0.02551
AT5G28770,AT3G57800,0.025498
AT4G02590,AT2G41130,0.025497
AT3G10800,AT4G29100,0.02548
AT5G61270,AT3G12250,0.025461
AT3G56850,AT3G19290,0.025449
AT1G42990,AT4G37730,0.02543
AT4G38900,AT3G05800,0.025427
AT3G07340,AT1G27660,0.025416
AT1G10610,AT2G40620,0.025357
AT1G43700,AT5G61270,0.025353
AT2G46270,AT4G36060,0.025351
AT1G10610,AT3G06590,0.025344
AT1G01260,AT3G59060,0.025314
AT4G30180,AT1G09250,0.02531
AT5G61270,AT3G06590,0.02525
AT3G58120,AT1G10610,0.025249
AT3G10800,AT2G24260,0.025214
AT2G21230,AT2G24260,0.02515
AT1G68920,AT2G42280,0.025099
AT5G57150,AT1G63650,0.025089
AT3G26744,AT4G02640,0.025051
AT2G21230,AT4G35040,0.025029
AT4G38900,AT2G42280,0.024996
AT1G42990,AT5G11260,0.024995
AT3G06590,AT1G26260,0.024983
AT3G54620,AT4G36730,0.024977
AT5G62610,AT1G03040,0.02497
AT5G08130,AT1G69010,0.024966
AT3G62090,AT3G17100,0.024956
AT5G44080,AT1G27660,0.024935
AT2G40620,AT5G28770,0.024925
AT5G46760,AT5G46690,0.024904
AT1G29950,AT1G19490,0.024895
AT2G43060,AT5G50915,0.024882
AT1G06070,AT1G68810,0.024872
AT1G72210,AT3G51960,0.024841
AT4G00050,AT3G23210,0.024835
AT5G50915,AT5G67110,0.024809
AT3G57800,AT1G63650,0.02479
AT5G44080,AT3G59060,0.024753
AT5G08130,AT3G26744,0.02473
AT2G46270,AT3G10800,0.024708
AT4G36540,AT4G00050,0.024695
AT1G49720,AT1G22070,0.024681
AT3G26744,AT3G10800,0.024673
AT1G01260,AT2G43010,0.024663
AT4G01460,AT1G27660,0.02464
AT1G06070,AT2G42280,0.024609
AT1G01260,AT2G21230,0.024587
AT2G22850,AT1G05805,0.024512
AT5G65210,AT3G58120,0.024502
AT1G49720,AT2G46810,0.024499
AT2G22770,AT1G72210,0.024456
AT3G56850,AT2G43060,0.024435
AT5G51790,AT5G67110,0.024408
AT3G62090,AT4G36730,0.024381
AT3G17100,AT5G44080,0.024346
AT3G19290,AT4G01120,0.024343
AT3G57800,AT1G02340,0.024305
AT5G10030,AT3G05800,0.024304
AT2G18300,AT2G42300,0.024302
AT3G57800,AT1G32150,0.024271
AT1G43700,AT1G12860,0.024266
AT2G22850,AT1G73830,0.024204
AT3G58120,AT2G18300,0.024203
AT2G31280,AT3G54620,0.024189
AT2G27230,AT5G06950,0.024187
AT1G43700,AT2G41070,0.024177
AT5G10030,AT4G38900,0.024157
AT1G06070,AT5G46760,0.024149
AT3G57800,AT1G05805,0.024147
AT2G18300,AT1G73830,0.024147
AT2G43060,AT4G01120,0.024145
AT1G73830,AT2G22850,0.02413
AT4G30180,AT5G06960,0.024125
AT2G40620,AT3G17100,0.024113
AT2G31370,AT1G45249,0.024108
AT4G36540,AT1G26260,0.024086
AT3G23210,AT1G42990,0.02408
AT3G62090,AT3G54620,0.024053
AT3G56850,AT3G58120,0.024036
AT4G36540,AT2G42300,0.024007
AT2G40620,AT1G03970,0.023976
AT3G19860,AT5G28770,0.023963
AT1G32640,AT1G45249,0.023953
AT3G19290,AT2G24260,0.023946
AT1G43700,AT4G30410,0.023946
AT4G16430,AT1G42990,0.023909
AT3G56850,AT1G02340,0.023908
AT5G61270,AT5G57150,0.023896
AT1G61660,AT1G09250,0.023886
AT4G36540,AT5G57150,0.023853
AT4G29100,AT4G17880,0.023852
AT3G61950,AT5G65640,0.023826
AT4G17880,AT5G06960,0.023798
AT2G43010,AT5G39860,0.023797
AT1G32150,AT5G62610,0.023781
AT4G36540,AT1G42990,0.023773
AT2G31730,AT3G51960,0.023724
AT3G20640,AT5G53210,0.023723
AT2G43060,AT4G01460,0.023702
AT5G28770,AT5G24800,0.023699
AT2G16770,AT4G09180,0.023662
AT4G30410,AT1G51070,0.023635
AT3G10800,AT5G48560,0.023615
AT2G42280,AT2G24260,0.023614
AT2G40950,AT1G61660,0.023598
AT4G30410,AT5G51790,0.023579
AT4G36540,AT5G38860,0.023542
AT1G43700,AT3G12250,0.023541
AT3G54620,AT5G46760,0.023494
AT1G45249,AT2G18300,0.02349
AT1G27660,AT3G06590,0.023478
AT3G54620,AT2G42280,0.023474
AT1G73830,AT4G01460,0.023473
AT2G42280,AT4G38900,0.023409
AT5G51780,AT3G25710,0.023405
AT5G51790,AT1G18400,0.023403
AT2G42280,AT4G35900,0.0234
AT1G63650,AT4G37730,0.023392
AT5G57150,AT2G22770,0.023355
AT5G06960,AT2G46270,0.023333
AT4G02640,AT5G48560,0.023323
AT1G61660,AT3G25710,0.023317
AT2G46270,AT1G09250,0.02331
AT4G36730,AT1G10610,0.023285
AT1G42990,AT5G06960,0.023281
AT5G54680,AT3G10800,0.023216
AT1G06070,AT4G29100,0.023189
AT1G08320,AT2G43060,0.023186
AT2G16770,AT3G20640,0.023154
AT5G61270,AT3G20640,0.023135
AT4G30180,AT5G11260,0.023124
AT1G42990,AT1G19490,0.023121
AT5G08130,AT1G32150,0.023117
AT1G68920,AT3G54620,0.023108
AT3G19860,AT5G57150,0.023102
AT1G63650,AT2G43010,0.023094
AT4G30180,AT1G32640,0.023081
AT5G38860,AT2G22770,0.023076
AT3G17100,AT5G08130,0.023072
AT5G06950,AT2G27230,0.023072
AT2G31370,AT4G02640,0.023057
AT2G16770,AT3G61950,0.023055
AT5G46760,AT4G36930,0.023045
AT2G40620,AT3G58120,0.023045
AT5G28770,AT1G43700,0.023041
AT5G51780,AT3G62090,0.023031
AT3G57800,AT2G21230,0.02301
AT1G03970,AT5G44080,0.022962
AT1G06850,AT1G01260,0.022952
AT4G38900,AT1G12860,0.022931
AT5G46760,AT5G54680,0.022927
AT1G35460,AT1G22070,0.022923
AT4G36540,AT5G62610,0.022912
AT5G65210,AT5G10030,0.022902
AT5G39860,AT2G46510,0.022881
AT4G00480,AT5G49450,0.022875
AT5G46760,AT3G54620,0.022869
AT1G10610,AT5G44080,0.022849
AT4G14410,AT3G12250,0.022847
AT4G36540,AT3G57800,0.022821
AT1G26260,AT5G48560,0.022811
AT3G23210,AT2G42300,0.022803
AT3G57800,AT2G43010,0.022789
AT4G01120,AT5G08130,0.022785
AT1G29950,AT3G23210,0.022722
AT5G28770,AT3G23210,0.02272
AT3G19860,AT3G59060,0.022716
AT3G17100,AT1G26260,0.022711
AT3G17100,AT5G61270,0.022709
AT2G41070,AT4G36060,0.022694
AT2G21230,AT3G19290,0.022675
AT4G29100,AT5G62610,0.022649
AT1G61660,AT2G46270,0.022647
AT3G10800,AT2G40950,0.022626
AT1G06070,AT2G21230,0.022616
AT4G34000,AT3G10800,0.022612
AT4G01120,AT2G21230,0.022597
AT1G01260,AT3G56850,0.022597
AT3G57800,AT2G40620,0.022585
AT2G40620,AT1G68920,0.022585
AT5G48560,AT1G12860,0.022578
AT1G10610,AT1G49720,0.022572
AT5G67110,AT1G51140,0.022509
AT1G10610,AT5G57150,0.022507
AT3G19860,AT3G20640,0.022498
AT1G10610,AT2G41070,0.022486
AT5G11260,AT3G07340,0.022454
AT5G62610,AT1G32150,0.022428
AT4G36730,AT3G56850,0.022413
AT3G19860,AT2G40620,0.022404
AT1G19490,AT3G59060,0.022398
AT1G19490,AT1G59640,0.022392
AT4G36730,AT1G01260,0.02239
AT1G08320,AT3G54620,0.022377
AT4G17880,AT2G31370,0.022363
AT1G43700,AT3G19860,0.02233
AT3G56850,AT5G65210,0.022311
AT1G61660,AT4G30180,0.022288
AT4G30410,AT2G41130,0.022286
AT1G01260,AT2G31280,0.022286
AT2G22770,AT4G14410,0.022266
AT3G19860,AT4G36540,0.022255
AT1G02340,AT2G42380,0.022238
AT5G11260,AT2G42300,0.022236
AT1G19490,AT5G06960,0.02222
AT3G59060,AT1G69010,0.022157
AT5G08130,AT1G18400,0.022154
AT5G28770,AT3G05800,0.022121
AT5G57150,AT4G37730,0.02211
AT1G27660,AT3G07340,0.022077
AT3G17100,AT5G49450,0.022069
AT3G56850,AT1G06850,0.022045
AT2G31730,AT4G29100,0.02203
AT4G30410,AT2G22770,0.022028
AT3G10800,AT5G46760,0.021995
AT4G01120,AT2G42280,0.021991
AT1G29950,AT5G11260,0.02197
AT2G42280,AT2G43060,0.021965
AT5G49450,AT1G69010,0.021943
AT5G57150,AT5G28770,0.021941
AT1G01260,AT2G42380,0.021916
AT5G11260,AT4G38900,0.021912
AT5G51790,AT1G12860,0.02189
AT5G28770,AT5G44080,0.021887
AT4G02640,AT2G31370,0.021886
AT2G42380,AT2G43010,0.021881
AT2G31730,AT1G68810,0.021854
AT1G01260,AT1G02340,0.021843
AT3G10800,AT1G68810,0.021797
AT1G06850,AT5G24800,0.021793
AT4G38900,AT2G20180,0.02177
AT3G12250,AT1G51070,0.021745
AT3G61950,AT5G53210,0.021717
AT1G43700,AT3G58120,0.021717
AT2G24260,AT5G54680,0.021704
AT2G16770,AT5G53210,0.021697
AT5G46690,AT5G65640,0.02169
AT3G58120,AT3G06590,0.021682
AT5G44080,AT1G10610,0.021659
AT4G02640,AT2G31730,0.021637
AT1G32640,AT4G30980,0.021621
AT5G49450,AT5G38860,0.021608
AT4G01120,AT3G62090,0.021603
AT4G35040,AT2G31730,0.021598
AT4G30410,AT2G41070,0.021573
AT5G38860,AT4G09180,0.021548
AT5G54680,AT1G68920,0.021512
AT5G49450,AT5G28770,0.021504
AT2G21230,AT4G01120,0.021503
AT3G59060,AT3G57800,0.0215
AT1G18400,AT4G36930,0.021487
AT3G10800,AT1G61660,0.021457
AT2G46810,AT1G49720,0.021445
AT3G57800,AT5G10030,0.021435
AT1G09530,AT1G63650,0.021428
AT5G51780,AT3G51960,0.0214
AT1G09250,AT1G42990,0.02139
AT2G22770,AT1G35460,0.021374
AT5G06960,AT1G19490,0.021374
AT4G16430,AT1G59640,0.021365
AT1G19490,AT5G62610,0.021354
AT4G01460,AT5G51790,0.021351
AT5G06960,AT1G29950,0.021346
AT1G43700,AT1G09530,0.021346
AT1G06850,AT1G27660,0.021341
AT4G36540,AT1G73830,0.021341
AT3G12250,AT2G35530,0.021332
AT5G61270,AT4G17880,0.021328
AT5G28770,AT5G49450,0.021325
AT4G36540,AT1G27660,0.021319
AT4G30180,AT1G61660,0.021221
AT5G62610,AT1G29950,0.021219
AT1G42990,AT4G30180,0.021213
AT5G24800,AT5G57150,0.021195
AT5G46760,AT3G62090,0.021194
AT1G51070,AT1G03040,0.021187
AT5G24800,AT2G22770,0.021182
AT2G21230,AT5G08130,0.021179
AT5G44080,AT3G57800,0.021173
AT3G54620,AT1G51140,0.02117
AT5G46690,AT3G26744,0.021154
AT3G62090,AT3G58120,0.02115
AT2G31280,AT4G38900,0.021141
AT3G62090,AT1G08320,0.021124
AT5G46760,AT3G25710,0.021124
AT5G15160,AT1G73830,0.021121
AT3G19860,AT5G44080,0.021105
AT5G48560,AT1G35460,0.021097
AT1G01260,AT4G36730,0.021094
AT3G12250,AT1G10120,0.021084
AT1G03970,AT3G07340,0.021069
AT3G26744,AT1G61660,0.021064
AT3G57800,AT1G05710,0.021049
AT4G36730,AT3G06590,0.021029
AT5G11260,AT1G06850,0.02101
AT5G38860,AT1G06850,0.020968
AT4G38900,AT1G01260,0.020905
AT1G19490,AT2G18300,0.020878
AT2G21230,AT2G43060,0.020868
AT4G01120,AT1G01260,0.020857
AT3G59060,AT4G34000,0.020843
AT4G02590,AT5G50915,0.020836
AT3G19290,AT2G42280,0.020832
AT5G67110,AT5G48560,0.020828
AT1G61660,AT1G32640,0.020813
AT4G36730,AT5G51780,0.020807
AT1G42990,AT3G47640,0.020794
AT3G54620,AT1G77920,0.020755
AT1G72210,AT1G35460,0.020752
AT3G54620,AT1G02340,0.020724
AT4G36930,AT2G13130,0.020713
AT1G22070,AT5G65640,0.020685
AT4G34000,AT3G26744,0.020677
AT1G08320,AT2G40620,0.020674
AT2G46270,AT1G32640,0.020662
AT3G62090,AT1G51140,0.020626
AT3G17100,AT5G57150,0.020605
AT4G16430,AT2G41130,0.020587
AT2G31280,AT5G46760,0.020556
AT2G31280,AT5G54680,0.020542
AT5G38860,AT3G06590,0.020538
AT1G29950,AT1G32640,0.020527
AT1G06850,AT3G56850,0.020517
AT1G02340,AT3G51960,0.020495
AT3G17100,AT2G41070,0.020493
AT5G11260,AT4G09180,0.020478
AT5G28770,AT1G73830,0.020466
AT3G54620,AT2G21230,0.020447
AT3G17100,AT4G02590,0.020424
AT4G34000,AT1G49720,0.020396
AT2G42300,AT1G19490,0.020384
AT3G06590,AT5G10030,0.020373
AT4G01120,AT3G56850,0.02037
AT4G36730,AT1G63650,0.020352
AT1G10610,AT5G28770,0.020341
AT2G43060,AT3G25710,0.020333
AT4G30180,AT1G19490,0.020264
AT4G09180,AT1G42990,0.02025
AT5G06960,AT1G59640,0.020238
AT3G56850,AT4G01120,0.020221
AT4G01460,AT1G19490,0.02021
AT1G68920,AT2G40620,0.020198
AT5G46760,AT4G29100,0.020189
AT1G06070,AT4G35040,0.020181
AT1G29950,AT5G62610,0.020174
AT5G10030,AT5G28770,0.020149
AT4G00480,AT1G02340,0.020142
AT1G19490,AT1G09250,0.020116
AT5G51780,AT4G01120,0.020111
AT1G01260,AT2G43060,0.020102
AT2G31370,AT2G35530,0.0201
AT1G03970,AT5G38860,0.020097
AT5G46760,AT3G51960,0.020081
AT3G20640,AT4G16430,0.020077
AT2G21230,AT1G26260,0.02006
AT3G58120,AT3G59060,0.020055
AT1G77920,AT2G31730,0.020039
AT4G01460,AT5G11260,0.020019
AT1G63650,AT4G00480,0.020005
AT1G06070,AT4G01120,0.019976
AT5G54680,AT1G09530,0.019966
AT1G01260,AT1G43700,0.019954
AT3G54620,AT1G09530,0.019947
AT5G11260,AT5G62610,0.019937
AT5G06960,AT5G11260,0.019913
AT2G31280,AT4G01120,0.019913
AT3G10800,AT1G01260,0.019912
AT3G24140,AT2G46510,0.01991
AT2G31370,AT4G17880,0.019909
AT4G36730,AT2G43060,0.019892
AT4G14410,AT1G10120,0.019886
AT3G19860,AT3G05800,0.019841
AT5G49450,AT4G01120,0.01984
AT5G46760,AT4G01120,0.019825
AT4G02640,AT2G40950,0.019823
AT5G46690,AT1G12860,0.01981
AT2G16770,AT2G42300,0.019803
AT3G06590,AT5G50915,0.019802
AT3G12250,AT2G41070,0.019794
AT2G42280,AT1G02340,0.019793
AT5G24800,AT1G32150,0.019785
AT3G58120,AT4G30410,0.019783
AT5G46760,AT5G65640,0.019762
AT3G54620,AT3G62090,0.01976
AT1G61660,AT2G47270,0.019736
AT4G36730,AT3G19860,0.019734
AT3G19860,AT1G22070,0.01973
AT4G36540,AT1G63650,0.01972
AT5G06960,AT4G17880,0.01971
AT4G38900,AT4G02640,0.019705
AT5G65210,AT2G20180,0.019692
AT4G38900,AT5G10030,0.019679
AT3G07340,AT1G03970,0.019643
AT2G42380,AT3G58120,0.019635
AT3G54620,AT1G63650,0.019635
AT3G54620,AT3G56850,0.019609
AT2G20180,AT5G65210,0.019603
AT4G38900,AT5G54680,0.019596
AT4G36730,AT2G21230,0.01959
AT3G57800,AT5G24800,0.019571
AT2G41070,AT4G14410,0.019565
AT1G06850,AT3G57800,0.019563
AT5G49450,AT2G24260,0.019557
AT2G40620,AT2G22850,0.019555
AT3G57800,AT1G69010,0.019542
AT3G58120,AT3G56850,0.019528
AT5G67110,AT5G51790,0.019527
AT2G31280,AT2G27230,0.019515
AT3G17100,AT4G01120,0.019504
AT1G22070,AT3G12250,0.019499
AT5G28770,AT3G20640,0.019493
AT1G09250,AT2G47270,0.019478
AT3G54620,AT1G68810,0.019471
AT4G30180,AT1G42990,0.019468
AT1G77920,AT3G23690,0.019454
AT1G06850,AT2G40620,0.019433
AT2G43060,AT2G42380,0.019384
AT2G46270,AT3G59060,0.019344
AT1G43700,AT1G26260,0.019343
AT4G01120,AT3G17100,0.019337
AT4G30410,AT3G57800,0.019335
AT2G22850,AT1G42990,0.019319
AT3G06590,AT2G20180,0.019318
AT4G30410,AT2G43010,0.019316
AT5G49450,AT5G65640,0.01931
AT1G68810,AT4G14410,0.019302
AT5G44080,AT5G10030,0.019266
AT3G17100,AT2G21230,0.019241
AT5G11260,AT2G18300,0.019227
AT3G62090,AT1G05805,0.019221
AT4G14410,AT4G16430,0.019197
AT5G38860,AT2G42300,0.019193
AT3G54620,AT4G00480,0.01919
AT4G29100,AT1G68810,0.019186
AT4G36540,AT5G51790,0.019179
AT5G65210,AT3G07340,0.019172
AT3G54620,AT3G26744,0.019167
AT4G01460,AT1G05710,0.019147
AT4G01120,AT4G34000,0.019142
AT3G54620,AT1G43700,0.019137
AT1G69010,AT4G30410,0.019124
AT4G01120,AT2G31280,0.019123
AT3G24140,AT1G35460,0.019121
AT3G12250,AT4G02590,0.019108
AT2G31370,AT5G62610,0.019096
AT4G36730,AT5G61270,0.019095
AT4G35040,AT4G30980,0.019093
AT1G10610,AT1G22070,0.019085
AT1G22070,AT5G53210,0.019053
AT3G17100,AT4G01460,0.019044
AT4G36730,AT5G65640,0.019044
AT1G35460,AT2G31730,0.019033
AT1G09250,AT4G30180,0.01903
AT2G41070,AT4G30410,0.019008
AT3G06590,AT3G19860,0.019006
AT5G11260,AT5G06960,0.019002
AT4G36730,AT4G30410,0.018976
AT5G08130,AT5G54680,0.018951
AT1G63650,AT4G09180,0.018944
AT2G46270,AT2G46810,0.018935
AT3G58120,AT3G57800,0.018919
AT3G57800,AT2G20180,0.018893
AT3G17100,AT1G03970,0.018886
AT1G42990,AT2G31370,0.018882
AT3G19860,AT1G27660,0.018878
AT3G06590,AT5G38860,0.018877
AT5G15160,AT2G22850,0.018846
AT3G20640,AT2G35530,0.01882
AT1G63650,AT3G06590,0.01881
AT1G29950,AT5G06950,0.018799
AT1G26260,AT5G65210,0.018793
AT1G42990,AT4G09180,0.018781
AT5G44080,AT4G01460,0.018781
AT4G36540,AT3G58120,0.01877
AT2G24260,AT5G49450,0.01875
AT1G09530,AT1G51140,0.018721
AT1G22070,AT1G05710,0.01871
AT1G73830,AT4G36540,0.018691
AT3G19860,AT4G37730,0.018681
AT5G44080,AT2G43010,0.018651
AT3G56850,AT5G08130,0.018631
AT2G47270,AT1G05710,0.018626
AT1G32640,AT1G61660,0.018623
AT2G31730,AT1G35460,0.018622
AT3G06590,AT1G09530,0.018591
AT1G61660,AT3G26744,0.018583
AT3G19860,AT4G09180,0.018556
AT4G36540,AT5G06960,0.018553
AT1G61660,AT2G46810,0.018546
AT4G30410,AT3G17100,0.018542
AT5G49450,AT3G57800,0.01854
AT2G16770,AT4G00480,0.01854
AT1G45249,AT1G59640,0.018538
AT5G65210,AT3G06590,0.018517
AT3G56850,AT1G10610,0.018517
AT1G69010,AT2G46270,0.018483
AT4G02640,AT3G26744,0.01848
AT5G49450,AT4G00050,0.018466
AT3G54620,AT1G68920,0.018462
AT1G69010,AT2G46810,0.01846
AT1G09530,AT1G59640,0.018458
AT1G63650,AT1G32150,0.018454
AT2G41070,AT1G10610,0.018451
AT3G58120,AT4G01460,0.018449
AT4G35040,AT3G10800,0.018443
AT3G59060,AT4G30410,0.018435
AT4G29100,AT1G29950,0.01841
AT1G02340,AT1G12860,0.018387
AT1G01260,AT3G58120,0.018382
AT2G20180,AT1G19490,0.01837
AT1G43700,AT2G16770,0.018339
AT1G32640,AT3G24140,0.018331
AT1G22070,AT1G35460,0.01833
AT5G10030,AT1G12860,0.018325
AT3G17100,AT1G32150,0.018305
AT5G49450,AT3G20640,0.0183
AT4G01460,AT5G44080,0.018299
AT5G10030,AT5G44080,0.018297
AT5G38860,AT3G20640,0.018291
AT3G26744,AT5G65640,0.018259
AT2G31370,AT4G00050,0.018253
AT3G17100,AT1G05805,0.018245
AT4G02590,AT1G05710,0.018191
AT2G41070,AT3G61950,0.018168
AT5G38860,AT3G57800,0.018164
AT4G30180,AT2G16770,0.018158
AT1G02340,AT4G36730,0.018158
AT5G61270,AT1G22070,0.018158
AT1G69010,AT4G34000,0.018155
AT5G38860,AT5G49450,0.018126
AT4G30410,AT3G23690,0.018116
AT3G57800,AT1G27660,0.018095
AT4G36540,AT5G10030,0.018089
AT3G26744,AT5G53210,0.018061
AT3G59060,AT1G03970,0.018054
AT4G30410,AT3G59060,0.018048
AT5G65210,AT5G44080,0.01804
AT3G56850,AT2G24260,0.018036
AT3G59060,AT2G42380,0.018003
AT2G47270,AT5G48560,0.017976
AT3G19860,AT3G06590,0.017969
AT2G47270,AT1G09250,0.017943
AT4G36730,AT4G01120,0.017942
AT3G19860,AT3G57800,0.017942
AT2G41130,AT4G14410,0.017931
AT3G57800,AT3G20640,0.017925
AT2G42380,AT3G59060,0.017888
AT1G32150,AT2G46810,0.01788
AT2G31280,AT4G35040,0.017851
AT1G73830,AT4G30980,0.017835
AT5G38860,AT4G01460,0.017829
AT3G54620,AT4G34000,0.017828
AT1G10120,AT1G09250,0.017815
AT1G68920,AT5G46760,0.017801
AT5G51780,AT1G05805,0.017775
AT4G01460,AT2G18300,0.017771
AT2G35530,AT2G46510,0.01777
AT1G22070,AT3G61950,0.01777
AT4G01460,AT3G23210,0.017763
AT4G36540,AT2G20180,0.017759
AT5G38860,AT3G24140,0.017753
AT2G40950,AT2G35530,0.017751
AT3G62090,AT5G08130,0.017725
AT3G57800,AT5G51780,0.01772
AT5G28770,AT3G12250,0.01772
AT1G22070,AT1G10120,0.017717
AT1G09530,AT3G54620,0.017713
AT1G77920,AT5G54680,0.017701
AT1G18400,AT5G51790,0.017699
AT1G32150,AT2G22770,0.017693
AT5G11260,AT2G43010,0.017673
AT4G29100,AT5G48560,0.017672
AT5G08130,AT4G01120,0.01767
AT1G61660,AT1G59640,0.017666
AT1G09530,AT4G38900,0.017661
AT2G18300,AT5G06960,0.01766
AT3G19290,AT1G68920,0.017635
AT4G01460,AT1G51140,0.017625
AT2G41130,AT1G05710,0.017623
AT5G46690,AT3G10800,0.017608
AT5G46760,AT3G19290,0.01759
AT5G24800,AT3G20640,0.017579
AT2G24260,AT2G21230,0.017576
AT5G57150,AT5G50915,0.017576
AT4G17880,AT1G59640,0.01756
AT4G02640,AT5G06950,0.017555
AT1G08320,AT5G10030,0.017551
AT3G24140,AT1G03040,0.017542
AT2G47270,AT1G42990,0.017541
AT5G11260,AT1G03040,0.017537
AT1G45249,AT4G34000,0.017527
AT2G40950,AT1G45249,0.017501
AT1G09250,AT1G10120,0.017493
AT1G61660,AT2G40950,0.017486
AT4G01460,AT4G09180,0.017485
AT2G13130,AT4G36930,0.017483
AT2G41070,AT2G41130,0.017482
AT4G36540,AT4G09180,0.017476
AT1G63650,AT5G57150,0.017447
AT5G62610,AT1G19490,0.017445
AT4G36060,AT1G22070,0.017442
AT3G57800,AT2G43060,0.017437
AT1G09250,AT5G06960,0.01743
AT5G46690,AT3G24140,0.01742
AT2G31280,AT1G32150,0.017417
AT2G21230,AT4G02640,0.017408
AT1G43700,AT2G20180,0.017407
AT5G67110,AT2G35530,0.017389
AT1G68920,AT5G08130,0.017384
AT3G17100,AT1G22070,0.017374
AT3G12250,AT5G38860,0.017369
AT4G36540,AT2G41070,0.017361
AT2G21230,AT4G30410,0.017358
AT1G09530,AT2G21230,0.017357
AT5G44080,AT5G50915,0.017351
AT3G61950,AT5G50915,0.017349
AT5G46690,AT4G34000,0.017333
AT1G02340,AT4G00480,0.01733
AT3G06590,AT4G36540,0.017328
AT2G41070,AT2G13130,0.017325
AT5G28770,AT3G61950,0.017318
AT2G47270,AT4G37730,0.017311
AT4G35040,AT2G40950,0.017299
AT2G18300,AT4G09180,0.017293
AT1G35460,AT1G32640,0.017274
AT5G61270,AT5G49450,0.017262
AT1G43700,AT1G22070,0.017255
AT4G00480,AT2G35530,0.017242
AT2G24260,AT1G18400,0.017233
AT1G06850,AT5G39860,0.017224
AT4G29100,AT2G31730,0.017222
AT4G38900,AT2G40620,0.017215
AT4G36540,AT3G23690,0.017209
AT4G00480,AT3G61950,0.017209
AT2G42280,AT3G62090,0.017208
AT4G01460,AT3G47640,0.017197
AT4G29100,AT4G02640,0.017178
AT1G05710,AT2G41130,0.017172
AT3G17100,AT2G18300,0.017163
AT3G57800,AT3G59060,0.017158
AT2G35530,AT1G03040,0.017145
AT1G12860,AT1G05805,0.017139
AT1G09530,AT4G36730,0.017129
AT5G46760,AT5G48560,0.017128
AT3G56850,AT1G05805,0.017105
AT3G61950,AT2G41130,0.017105
AT5G11260,AT4G14410,0.017073
AT3G58120,AT1G08320,0.017064
AT1G69010,AT1G01260,0.017041
AT2G21230,AT1G05805,0.01701
AT4G36540,AT2G41130,0.017005
AT2G18300,AT2G16770,0.017004
AT1G06850,AT5G38860,0.016997
AT2G40950,AT4G35040,0.016996
AT1G08320,AT1G63650,0.016974
AT4G29100,AT2G46510,0.01697
AT5G44080,AT1G09530,0.016969
AT4G36730,AT2G24260,0.016965
AT2G40620,AT2G43010,0.01696
AT5G08130,AT1G77920,0.016958
AT4G17880,AT4G37730,0.016956
AT5G08130,AT4G29100,0.01695
AT5G62610,AT2G27230,0.016947
AT1G05805,AT1G19490,0.016943
AT4G35040,AT1G26260,0.016914
AT2G46270,AT2G31280,0.016913
AT4G17880,AT4G09180,0.016891
AT5G65210,AT2G13130,0.016888
AT4G01460,AT3G05800,0.016887
AT3G57800,AT3G12250,0.016886
AT3G54620,AT5G51780,0.016882
AT5G61270,AT4G14410,0.016874
AT3G54620,AT1G06070,0.016804
AT1G32640,AT1G42990,0.016797
AT3G06590,AT3G07340,0.016795
AT5G08130,AT2G31280,0.016792
AT3G56850,AT1G03970,0.016785
AT5G49450,AT4G30410,0.01678
AT3G19860,AT3G12250,0.016754
AT5G54680,AT2G31280,0.016749
AT5G54680,AT5G08130,0.016742
AT4G00050,AT4G36930,0.016727
AT5G46690,AT1G61660,0.016704
AT5G61270,AT1G05710,0.016682
AT5G06960,AT2G13130,0.016681
AT1G03970,AT3G19860,0.016668
AT4G30410,AT1G10120,0.016654
AT4G17880,AT5G61270,0.016625
AT1G51140,AT5G67110,0.016621
AT3G19290,AT1G09530,0.016616
AT3G58120,AT4G16430,0.016615
AT5G57150,AT5G24800,0.016611
AT1G02340,AT2G21230,0.016606
AT4G34000,AT1G68810,0.016602
AT5G10030,AT3G17100,0.0166
AT4G00050,AT4G17880,0.016599
AT5G67110,AT2G31730,0.016594
AT1G01260,AT5G06950,0.01659
AT1G02340,AT3G17100,0.01659
AT5G51790,AT2G41130,0.016585
AT3G58120,AT2G43010,0.016581
AT2G41130,AT1G10120,0.016553
AT3G56850,AT3G10800,0.016552
AT5G57150,AT1G10120,0.01655
AT3G51960,AT5G51780,0.016532
AT5G54680,AT5G62610,0.016517
AT3G23210,AT1G51070,0.01651
AT1G02340,AT3G57800,0.016508
AT4G00480,AT4G01120,0.01648
AT4G38900,AT3G10800,0.016465
AT1G42990,AT1G29950,0.016464
AT3G23690,AT1G68810,0.016448
AT4G00050,AT1G19490,0.016447
AT3G47640,AT5G06960,0.016443
AT1G09530,AT3G62090,0.016435
AT5G61270,AT5G51790,0.016427
AT5G44080,AT1G63650,0.01642
AT1G05805,AT3G51960,0.016399
AT3G10800,AT1G32150,0.016398
AT1G43700,AT5G51790,0.016397
AT1G51070,AT5G51790,0.016395
AT3G54620,AT2G31730,0.016395
AT1G01260,AT1G06070,0.016388
AT3G58120,AT1G01260,0.016387
AT1G69010,AT1G61660,0.016385
AT1G06070,AT3G54620,0.016378
AT2G27230,AT2G35530,0.016364
AT1G01260,AT1G68920,0.016363
AT3G19290,AT4G35040,0.016363
AT1G02340,AT3G56850,0.016353
AT4G38900,AT5G46760,0.016339
AT3G54620,AT4G35040,0.016338
AT1G18400,AT5G51780,0.016337
AT3G23690,AT1G05710,0.01633
AT1G43700,AT5G46760,0.016319
AT3G19290,AT2G40950,0.016316
AT3G05800,AT4G38900,0.016314
AT4G34000,AT2G24260,0.016303
AT5G53210,AT2G35530,0.016302
AT3G59060,AT1G32150,0.016298
AT3G62090,AT1G69010,0.016274
AT5G39860,AT3G25710,0.016255
AT1G12860,AT2G22770,0.016249
AT4G14410,AT1G09250,0.016247
AT3G59060,AT4G36730,0.016241
AT4G36060,AT1G10610,0.01622
AT1G12860,AT5G51790,0.016207
AT3G19860,AT5G61270,0.016197
AT2G21230,AT2G40620,0.016194
AT1G01260,AT3G10800,0.016149
AT4G37730,AT2G47270,0.016147
AT1G32640,AT4G17880,0.016146
AT3G47640,AT5G39860,0.01614
AT5G46760,AT4G35900,0.016132
AT4G30180,AT1G45249,0.016128
AT1G61660,AT2G31370,0.01612
AT1G22070,AT4G36730,0.016114
AT2G31370,AT2G46810,0.016112
AT2G20180,AT2G42300,0.01607
AT2G22770,AT5G53210,0.016069
AT1G10610,AT2G20180,0.016067
AT2G42280,AT4G36930,0.016052
AT4G09180,AT3G23210,0.016049
AT5G39860,AT2G43010,0.016014
AT1G68920,AT3G25710,0.016008
AT4G17880,AT1G09250,0.016001
AT2G47270,AT5G06960,0.015968
AT1G08320,AT3G06590,0.015963
AT1G43700,AT4G38900,0.015961
AT4G02640,AT5G46690,0.015957
AT1G10610,AT3G59060,0.015945
AT5G62610,AT3G47640,0.015944
AT5G11260,AT1G09250,0.015936
AT3G26744,AT1G35460,0.015931
AT5G54680,AT2G31370,0.015913
AT1G10120,AT1G22070,0.015911
AT4G36540,AT1G10610,0.015883
AT1G18400,AT1G02340,0.015879
AT3G57800,AT1G09530,0.015864
AT4G37730,AT5G15160,0.015844
AT3G19290,AT1G68810,0.015822
AT5G49450,AT5G53210,0.015818
AT5G51780,AT5G46690,0.015816
AT5G53210,AT3G61950,0.015793
AT2G43060,AT1G51070,0.015785
AT5G28770,AT3G07340,0.015778
AT1G05805,AT5G11260,0.015747
AT5G51790,AT3G23210,0.015742
AT1G10120,AT4G14410,0.01574
AT3G06590,AT1G22070,0.015723
AT5G57150,AT4G09180,0.015718
AT2G31370,AT5G53210,0.015713
AT3G56850,AT1G63650,0.015713
AT3G62090,AT3G19290,0.015691
AT2G24260,AT4G00480,0.015685
AT5G65640,AT2G43060,0.015672
AT2G41070,AT5G57150,0.015664
AT5G24800,AT3G24140,0.015663
AT1G06070,AT1G61660,0.015653
AT2G31280,AT1G05805,0.015643
AT1G63650,AT5G28770,0.015641
AT5G54680,AT2G40620,0.01564
AT2G40620,AT5G54680,0.015636
AT1G19490,AT4G34000,0.015636
AT2G46270,AT2G31370,0.015635
AT5G65210,AT5G28770,0.015628
AT2G21230,AT5G48560,0.015624
AT3G23210,AT1G59640,0.015597
AT1G68920,AT1G05805,0.015595
AT2G21230,AT4G36730,0.015589
AT2G24260,AT4G36730,0.015584
AT5G49450,AT5G51790,0.015571
AT3G12250,AT4G36930,0.015564
AT3G24140,AT1G72210,0.015562
AT4G36730,AT1G10120,0.015559
AT5G11260,AT2G22850,0.015543
AT1G73830,AT2G42300,0.015534
AT5G51790,AT2G42300,0.015516
AT4G30180,AT2G47270,0.015507
AT1G26260,AT5G10030,0.015504
AT4G00480,AT2G16770,0.015504
AT1G32150,AT1G03040,0.015492
AT3G62090,AT5G39860,0.015487
AT2G47270,AT1G73830,0.015474
AT4G36540,AT1G09250,0.015463
AT1G45249,AT1G09250,0.015449
AT1G68920,AT1G09530,0.015428
AT4G36060,AT2G22770,0.015426
AT4G02640,AT5G08130,0.015425
AT5G11260,AT5G39860,0.015424
AT3G62090,AT4G30410,0.015407
AT1G63650,AT3G61950,0.015407
AT2G41070,AT1G35460,0.015395
AT5G57150,AT5G38860,0.015393
AT2G24260,AT3G56850,0.015393
AT1G32640,AT1G18400,0.015368
AT3G57800,AT1G10120,0.015365
AT3G06590,AT5G24800,0.015338
AT5G10030,AT1G68920,0.015305
AT1G59640,AT4G16430,0.015291
AT2G20180,AT5G11260,0.015291
AT2G46510,AT5G65640,0.015274
AT1G09250,AT4G16430,0.015256
AT1G10610,AT3G17100,0.015254
AT3G19290,AT2G31370,0.015237
AT4G01120,AT4G36730,0.015212
AT4G36540,AT1G22070,0.015204
AT5G10030,AT3G62090,0.015203
AT5G46690,AT3G54620,0.015201
AT4G34000,AT5G54680,0.015182
AT1G03040,AT2G35530,0.015182
AT1G06070,AT2G24260,0.015181
AT4G34000,AT1G32640,0.015173
AT2G21230,AT5G49450,0.015156
AT2G21230,AT5G51780,0.01515
AT5G67110,AT5G50915,0.015144
AT5G65210,AT1G10610,0.015133
AT1G63650,AT1G03970,0.015129
AT5G62610,AT2G31370,0.015119
AT5G06960,AT2G40950,0.015117
AT2G46510,AT4G36930,0.015109
AT2G22850,AT4G35900,0.01509
AT3G57800,AT4G09180,0.015083
AT4G35040,AT1G68920,0.015072
AT3G23690,AT5G15160,0.015066
AT1G09250,AT4G14410,0.015063
AT3G56850,AT3G06590,0.015026
AT4G30410,AT1G06850,0.01502
AT4G29100,AT1G06070,0.015011
AT2G31370,AT3G10800,0.015008
AT5G08130,AT2G31730,0.014998
AT3G24140,AT1G73830,0.014994
AT3G51960,AT2G31730,0.014989
AT3G10800,AT3G62090,0.014987
AT1G03040,AT1G51070,0.014979
AT3G57800,AT2G41070,0.014977
AT5G51790,AT1G19490,0.014967
AT5G61270,AT3G61950,0.014958
AT1G10610,AT1G10120,0.014948
AT3G23210,AT1G05805,0.014945
AT1G63650,AT4G01460,0.014942
AT3G17100,AT1G27660,0.014926
AT2G24260,AT1G12860,0.014916
AT5G10030,AT3G54620,0.014911
AT1G59640,AT1G51140,0.0149
AT1G10610,AT1G27660,0.014894
AT2G41070,AT3G23690,0.014894
AT2G18300,AT1G09250,0.014893
AT1G68920,AT5G10030,0.014888
AT1G61660,AT1G42990,0.014887
AT5G65210,AT3G56850,0.014878
AT2G43010,AT1G05710,0.014876
AT5G44080,AT2G21230,0.014865
AT1G32640,AT5G53210,0.014862
AT3G62090,AT4G00480,0.014861
AT3G23690,AT1G77920,0.014838
AT5G57150,AT3G19860,0.014834
AT5G46760,AT3G56850,0.014831
AT2G31280,AT3G62090,0.014825
AT5G62610,AT3G23210,0.014824
AT3G59060,AT3G19860,0.014823
AT1G49720,AT5G65640,0.014818
AT2G40620,AT1G27660,0.014811
AT3G56850,AT3G07340,0.014806
AT1G10610,AT3G05800,0.014802
AT4G36930,AT4G00050,0.014801
AT1G10610,AT4G30410,0.014784
AT5G38860,AT5G44080,0.014781
AT1G69010,AT1G49720,0.014768
AT3G23210,AT2G31370,0.014766
AT1G19490,AT5G67110,0.014756
AT1G03040,AT5G62610,0.014754
AT3G59060,AT3G17100,0.014739
AT3G06590,AT3G57800,0.014739
AT1G68920,AT5G44080,0.014723
AT5G38860,AT4G36730,0.014718
AT2G24260,AT2G31280,0.014717
AT4G30410,AT1G03970,0.014713
AT5G49450,AT5G50915,0.014706
AT2G43010,AT1G01260,0.014704
AT3G56850,AT5G50915,0.014696
AT1G77920,AT4G16430,0.014691
AT3G12250,AT4G30980,0.01469
AT2G22770,AT1G32150,0.014673
AT4G38900,AT3G62090,0.014668
AT4G36730,AT1G69010,0.014648
AT4G36730,AT4G36060,0.014647
AT3G17100,AT5G39860,0.014642
AT1G06850,AT4G30410,0.01464
AT5G24800,AT1G35460,0.014635
AT1G49720,AT3G05800,0.014633
AT5G11260,AT3G05800,0.014624
AT5G08130,AT1G61660,0.014621
AT2G40620,AT3G57800,0.014606
AT1G10610,AT3G57800,0.014598
AT1G68920,AT1G68810,0.014594
AT4G02640,AT4G14410,0.014585
AT1G09250,AT5G65640,0.014578
AT5G65210,AT2G40620,0.01457
AT1G43700,AT5G44080,0.014556
AT2G42280,AT1G06070,0.014551
AT5G57150,AT1G10610,0.01453
AT1G68810,AT5G06950,0.014528
AT1G02340,AT1G61660,0.014528
AT2G43060,AT5G48560,0.014528
AT5G24800,AT4G36730,0.014517
AT2G40620,AT1G10610,0.014515
AT2G42380,AT1G03040,0.014504
AT1G69010,AT1G32150,0.014503
AT5G24800,AT5G38860,0.014502
AT1G06850,AT3G17100,0.014502
AT1G63650,AT3G17100,0.0145
AT1G69010,AT1G10120,0.014497
AT1G29950,AT1G59640,0.014491
AT2G31280,AT5G46690,0.014487
AT5G44080,AT4G38900,0.01447
AT1G29950,AT4G29100,0.014462
AT3G07340,AT3G19860,0.014453
AT3G62090,AT5G65210,0.014444
AT2G18300,AT2G20180,0.014438
AT5G49450,AT3G17100,0.014427
AT1G10610,AT1G43700,0.014423
AT4G36540,AT5G65210,0.01442
AT5G08130,AT1G68920,0.014419
AT2G43060,AT2G42280,0.014418
AT2G46810,AT4G36060,0.014413
AT5G49450,AT5G57150,0.014402
AT5G06960,AT1G69010,0.014354
AT5G51790,AT5G39860,0.014354
AT3G59060,AT5G39860,0.014338
AT2G43060,AT3G57800,0.014331
AT4G30180,AT4G00050,0.014321
AT3G56850,AT1G69010,0.014308
AT5G61270,AT1G73830,0.014307
AT3G56850,AT3G05800,0.0143
AT2G43060,AT1G63650,0.014293
AT3G20640,AT3G23690,0.014286
AT1G63650,AT1G08320,0.014275
AT3G47640,AT1G59640,0.01426
AT4G36540,AT2G40620,0.014247
AT3G19290,AT1G77920,0.014238
AT3G10800,AT3G25710,0.014218
AT1G61660,AT1G45249,0.014217
AT1G22070,AT1G10610,0.014211
AT4G30980,AT4G29100,0.01421
AT1G05805,AT1G27660,0.01419
AT2G42280,AT2G21230,0.01418
AT5G49450,AT1G09530,0.014165
AT4G02640,AT4G38900,0.014164
AT1G18400,AT2G42380,0.014161
AT5G11260,AT1G68920,0.014153
AT4G02640,AT5G62610,0.014147
AT2G24260,AT5G65640,0.01414
AT4G38900,AT3G56850,0.01414
AT3G19290,AT5G46690,0.014136
AT1G09250,AT5G11260,0.014133
AT1G45249,AT4G35040,0.014133
AT1G51070,AT2G35530,0.014117
AT2G46270,AT4G30180,0.014091
AT1G09530,AT5G10030,0.014086
AT2G42300,AT5G11260,0.014078
AT1G27660,AT2G46510,0.014075
AT5G06960,AT3G47640,0.014043
AT2G43010,AT4G14410,0.014042
AT5G46760,AT2G40950,0.014041
AT5G39860,AT3G58120,0.014034
AT5G51780,AT4G36930,0.014033
AT5G39860,AT3G47640,0.014027
AT4G30980,AT3G20640,0.01402
AT5G49450,AT1G12860,0.01401
AT3G17100,AT1G09530,0.013998
AT2G35530,AT1G51070,0.01399
AT2G21230,AT3G25710,0.013989
AT1G09530,AT5G44080,0.013985
AT3G19290,AT5G46760,0.013978
AT4G01120,AT4G30410,0.013974
AT1G12860,AT1G26260,0.013973
AT1G27660,AT1G05805,0.013961
AT5G61270,AT1G63650,0.01396
AT3G19290,AT3G56850,0.013957
AT3G23210,AT2G35530,0.013955
AT3G19290,AT3G26744,0.013952
AT2G43060,AT3G51960,0.013944
AT5G65210,AT5G50915,0.013906
AT4G01120,AT1G69010,0.013904
AT4G30410,AT1G02340,0.013874
AT4G00480,AT3G62090,0.013863
AT3G56850,AT2G20180,0.01386
AT2G22770,AT3G12250,0.013854
AT4G14410,AT2G47270,0.013852
AT5G51780,AT2G13130,0.013847
AT4G30180,AT3G23210,0.013842
AT1G49720,AT1G69010,0.013837
AT5G54680,AT4G36730,0.013837
AT1G68920,AT4G29100,0.013814
AT4G37730,AT4G00480,0.013797
AT2G16770,AT4G30180,0.013793
AT1G63650,AT3G57800,0.013784
AT5G06960,AT4G29100,0.013784
AT2G31280,AT2G24260,0.013751
AT4G01460,AT4G17880,0.013749
AT3G59060,AT3G07340,0.013742
AT5G54680,AT3G19860,0.013739
AT5G15160,AT5G46690,0.013739
AT2G43060,AT1G51140,0.013716
AT3G56850,AT4G00480,0.013709
AT4G00480,AT5G46690,0.013708
AT1G42990,AT4G29100,0.013703
AT5G44080,AT1G68920,0.013695
AT4G00480,AT1G43700,0.013682
AT1G29950,AT5G06960,0.013679
AT3G17100,AT3G07340,0.013679
AT2G42280,AT3G19290,0.013668
AT5G28770,AT2G42300,0.013667
AT1G05805,AT5G67110,0.013664
AT4G01120,AT1G18400,0.013634
AT1G27660,AT2G27230,0.013632
AT5G50915,AT4G00480,0.013631
AT3G17100,AT2G43060,0.013629
AT3G54620,AT2G27230,0.013621
AT5G08130,AT1G32640,0.013615
AT5G08130,AT4G35040,0.013602
AT2G20180,AT2G22850,0.013585
AT1G05805,AT2G22850,0.013581
AT1G03970,AT1G10610,0.01358
AT5G57150,AT3G61950,0.013576
AT1G63650,AT3G20640,0.01356
AT3G57800,AT5G65210,0.013559
AT2G18300,AT4G01460,0.013553
AT4G01120,AT1G05805,0.013549
AT5G54680,AT3G05800,0.013545
AT1G09530,AT1G05805,0.013543
AT2G43060,AT2G21230,0.013538
AT3G57800,AT4G01120,0.013518
AT4G01120,AT5G67110,0.013514
AT1G68920,AT2G46270,0.013512
AT5G46690,AT4G00480,0.013496
AT2G24260,AT1G06070,0.013492
AT3G47640,AT1G32640,0.013482
AT1G27660,AT2G40620,0.01348
AT2G21230,AT5G10030,0.01348
AT1G45249,AT4G09180,0.013473
AT4G01460,AT5G28770,0.013461
AT4G30180,AT3G47640,0.013453
AT1G63650,AT1G09530,0.013448
AT5G08130,AT3G54620,0.013441
AT2G42280,AT1G68920,0.013411
AT2G43010,AT5G38860,0.013408
AT4G00050,AT3G23690,0.013408
AT5G65210,AT1G59640,0.01339
AT1G12860,AT3G51960,0.013387
AT4G36060,AT2G46810,0.013386
AT1G10120,AT1G72210,0.01338
AT3G62090,AT2G40620,0.013374
AT5G48560,AT4G29100,0.013359
AT2G43060,AT3G56850,0.013339
AT3G19860,AT4G01460,0.013334
AT4G17880,AT2G40950,0.013334
AT3G59060,AT5G08130,0.013331
AT1G26260,AT1G12860,0.013324
AT1G19490,AT5G61270,0.013317
AT2G40620,AT1G09530,0.013312
AT3G12250,AT1G73830,0.013301
AT1G42990,AT3G23210,0.013301
AT5G54680,AT2G31730,0.013281
AT3G26744,AT2G42280,0.013269
AT5G61270,AT3G19860,0.013268
AT5G54680,AT2G24260,0.013267
AT1G09250,AT1G61660,0.013245
AT4G00050,AT1G45249,0.013237
AT1G12860,AT2G42280,0.013226
AT3G19290,AT5G06960,0.013216
AT4G36730,AT4G36540,0.013206
AT3G56850,AT5G49450,0.013206
AT3G10800,AT3G56850,0.013197
AT1G68920,AT1G26260,0.013193
AT5G08130,AT5G46690,0.013188
AT3G57800,AT1G03970,0.013184
AT1G63650,AT4G36730,0.013171
AT2G31370,AT4G30980,0.013164
AT1G32640,AT5G06960,0.013159
AT1G35460,AT1G18400,0.013153
AT2G20180,AT3G23210,0.013149
AT1G69010,AT5G06960,0.013146
AT1G49720,AT1G27660,0.013139
AT5G11260,AT2G42380,0.013132
AT4G36730,AT2G16770,0.01313
AT5G51780,AT5G67110,0.01312
AT3G23690,AT2G22850,0.01312
AT2G40950,AT1G35460,0.013119
AT4G34000,AT2G31370,0.013116
AT3G20640,AT5G24800,0.013106
AT1G05805,AT3G23210,0.013106
AT3G54620,AT5G48560,0.013103
AT4G34000,AT2G40950,0.013098
AT1G05805,AT1G12860,0.013081
AT2G41070,AT5G49450,0.01308
AT3G19290,AT3G62090,0.013078
AT1G29950,AT2G31370,0.013075
AT1G02340,AT5G46690,0.013071
AT5G44080,AT5G38860,0.013071
AT4G01120,AT5G48560,0.01307
AT2G35530,AT3G61950,0.013069
AT3G10800,AT2G42280,0.013064
AT4G00050,AT5G11260,0.013062
AT4G02640,AT2G22850,0.013061
AT1G32640,AT4G34000,0.013058
AT3G25710,AT4G35040,0.013056
AT3G17100,AT3G59060,0.013056
AT2G46510,AT2G35530,0.013052
AT5G06960,AT4G36060,0.013051
AT1G09530,AT1G26260,0.013051
AT3G57800,AT2G41130,0.013045
AT1G02340,AT5G65640,0.013035
AT3G20640,AT5G57150,0.013028
AT5G54680,AT4G38900,0.013025
AT4G30410,AT3G56850,0.013022
AT4G00480,AT5G65640,0.013003
AT1G22070,AT2G16770,0.012981
AT3G62090,AT2G42380,0.01298
AT3G47640,AT4G09180,0.01296
AT1G12860,AT2G42380,0.012948
AT5G08130,AT2G43010,0.012947
AT5G46760,AT1G43700,0.012947
AT3G54620,AT1G32150,0.012947
AT3G58120,AT5G15160,0.012937
AT3G19290,AT2G46810,0.012929
AT5G48560,AT3G51960,0.012928
AT1G10610,AT4G36730,0.012914
AT5G57150,AT5G61270,0.012889
AT1G03040,AT3G24140,0.012883
AT1G77920,AT1G35460,0.012873
AT2G42300,AT2G16770,0.01287
AT5G49450,AT2G35530,0.012861
AT3G19290,AT4G36730,0.01286
AT4G00480,AT2G46270,0.012857
AT3G05800,AT2G22850,0.012848
AT5G54680,AT4G35040,0.012832
AT5G51780,AT1G12860,0.012823
AT2G31730,AT4G35040,0.012819
AT5G48560,AT2G47270,0.012809
AT5G38860,AT1G35460,0.012795
AT4G00480,AT3G17100,0.012789
AT4G01460,AT4G16430,0.012773
AT4G34000,AT1G09250,0.012758
AT3G17100,AT5G50915,0.012741
AT5G46760,AT1G01260,0.012738
AT4G00050,AT1G51070,0.012732
AT4G14410,AT1G72210,0.012729
AT5G06960,AT2G31370,0.012727
AT1G63650,AT1G26260,0.012718
AT1G10610,AT3G20640,0.012716
AT3G05800,AT2G46810,0.012715
AT2G21230,AT5G54680,0.012713
AT2G42300,AT4G30180,0.012706
AT5G67110,AT1G12860,0.012692
AT1G32640,AT4G14410,0.012689
AT5G08130,AT4G38900,0.012683
AT3G23690,AT2G41130,0.012678
AT1G12860,AT5G65640,0.012676
AT1G09250,AT3G61950,0.012666
AT2G31370,AT1G68810,0.012665
AT4G35040,AT2G31280,0.012646
AT4G36730,AT3G59060,0.012637
AT4G02590,AT3G12250,0.012626
AT4G36730,AT1G32150,0.012622
AT3G07340,AT2G43010,0.012614
AT4G30980,AT5G15160,0.012611
AT2G16770,AT2G18300,0.012608
AT5G28770,AT4G16430,0.012574
AT5G46690,AT5G06960,0.012574
AT1G69010,AT1G09250,0.012572
AT5G38860,AT5G62610,0.012572
AT1G18400,AT1G32640,0.012571
AT5G61270,AT2G41070,0.012569
AT4G00050,AT1G49720,0.012567
AT5G49450,AT5G46760,0.012558
AT4G14410,AT2G42380,0.012556
AT2G31280,AT1G61660,0.012556
AT3G05800,AT2G42300,0.012551
AT3G10800,AT1G32640,0.012542
AT1G19490,AT1G51140,0.012539
AT4G36730,AT5G65210,0.012534
AT5G51790,AT4G30410,0.012503
AT4G36930,AT5G48560,0.012494
AT2G24260,AT1G49720,0.012485
AT1G10120,AT2G42300,0.012484
AT3G56850,AT5G28770,0.012481
AT5G28770,AT1G29950,0.012457
AT4G17880,AT4G30980,0.012454
AT5G51780,AT4G36730,0.012453
AT2G42280,AT3G54620,0.01245
AT5G08130,AT5G06950,0.012447
AT5G38860,AT5G50915,0.012438
AT1G51070,AT2G46510,0.012435
AT2G43010,AT3G17100,0.012434
AT5G46690,AT3G19290,0.012429
AT3G19290,AT1G61660,0.012429
AT2G24260,AT1G61660,0.012427
AT3G07340,AT1G10610,0.012422
AT2G42300,AT3G23210,0.012422
AT5G10030,AT3G06590,0.012419
AT3G58120,AT4G38900,0.012399
AT4G38900,AT3G26744,0.012389
AT3G47640,AT1G09250,0.012385
AT1G06070,AT2G31730,0.012381
AT3G54620,AT5G49450,0.012376
AT1G51140,AT1G59640,0.012368
AT1G06070,AT1G77920,0.012364
AT4G36930,AT4G16430,0.012349
AT5G57150,AT5G65210,0.012347
AT1G10120,AT1G03970,0.012346
AT3G26744,AT2G43060,0.012325
AT5G10030,AT2G46510,0.012321
AT1G03970,AT1G10120,0.012317
AT1G73830,AT2G47270,0.012313
AT3G57800,AT5G50915,0.012311
AT4G30410,AT1G32150,0.012306
AT4G35040,AT5G10030,0.012305
AT4G30180,AT4G16430,0.012301
AT1G68810,AT1G35460,0.012297
AT3G62090,AT5G46690,0.012286
AT1G29950,AT2G40950,0.012284
AT2G46270,AT3G54620,0.012282
AT2G31370,AT2G46510,0.01228
AT1G05805,AT1G49720,0.012277
AT5G39860,AT1G51070,0.012276
AT4G36730,AT2G20180,0.012273
AT1G09530,AT3G56850,0.012264
AT2G40620,AT1G26260,0.012263
AT2G43060,AT1G09530,0.012263
AT1G09250,AT1G29950,0.012259
AT4G29100,AT3G26744,0.012254
AT4G29100,AT5G53210,0.012245
AT5G49450,AT4G01460,0.012238
AT5G10030,AT1G63650,0.012228
AT4G35040,AT1G61660,0.012219
AT2G35530,AT2G27230,0.012212
AT3G20640,AT2G42380,0.012211
AT1G29950,AT1G03040,0.01221
AT2G31280,AT1G10120,0.012209
AT3G05800,AT4G16430,0.012193
AT3G25710,AT4G30980,0.012174
AT3G56850,AT1G06070,0.012168
AT1G19490,AT4G37730,0.01216
AT3G62090,AT3G10800,0.012155
AT1G19490,AT4G36060,0.012145
AT5G53210,AT4G30980,0.01214
AT2G21230,AT1G03970,0.01213
AT3G12250,AT3G61950,0.01213
AT5G38860,AT2G18300,0.012124
AT1G08320,AT1G27660,0.01212
AT4G01460,AT1G42990,0.012113
AT5G50915,AT5G51790,0.012112
AT5G46690,AT2G35530,0.01211
AT4G30410,AT2G43060,0.012108
AT1G01260,AT4G01120,0.0121
AT1G26260,AT2G13130,0.012097
AT3G19290,AT2G21230,0.012096
AT2G22770,AT1G22070,0.012084
AT5G51790,AT3G25710,0.012082
AT1G32150,AT2G43010,0.012081
AT1G01260,AT2G42280,0.012078
AT5G51790,AT4G01460,0.012077
AT3G47640,AT2G31370,0.012077
AT2G24260,AT3G51960,0.012061
AT5G10030,AT1G43700,0.012059
AT4G36730,AT1G49720,0.012052
AT1G02340,AT1G05805,0.012048
AT2G18300,AT2G13130,0.012045
AT5G44080,AT3G62090,0.012041
AT5G28770,AT2G41070,0.012038
AT5G65640,AT2G35530,0.012034
AT1G09530,AT4G01460,0.012034
AT1G43700,AT4G01460,0.01203
AT4G37730,AT1G42990,0.012028
AT1G61660,AT2G13130,0.012024
AT4G36060,AT1G32150,0.012016
AT3G17100,AT3G61950,0.012013
AT2G31370,AT1G61660,0.012001
AT2G24260,AT1G01260,0.011997
AT5G61270,AT1G27660,0.01199
AT3G17100,AT3G05800,0.01199
AT5G48560,AT4G30980,0.011983
AT3G06590,AT1G05710,0.011968
AT4G01120,AT2G31730,0.011968
AT5G46760,AT5G49450,0.011967
AT5G65210,AT1G43700,0.011961
AT4G30410,AT3G12250,0.011939
AT3G06590,AT1G43700,0.011933
AT3G47640,AT1G51070,0.011926
AT3G56850,AT5G51780,0.011921
AT5G28770,AT1G09530,0.011905
AT5G49450,AT1G22070,0.011892
AT3G59060,AT2G46810,0.011887
AT1G73830,AT3G23690,0.011865
AT3G07340,AT4G36930,0.011863
AT5G15160,AT3G23690,0.011856
AT4G30180,AT2G41130,0.01185
AT1G69010,AT2G13130,0.01185
AT2G31370,AT5G54680,0.011848
AT3G62090,AT3G25710,0.01184
AT4G34000,AT1G77920,0.011836
AT4G38900,AT2G43060,0.011827
AT2G42380,AT1G18400,0.011823
AT2G16770,AT5G38860,0.011822
AT2G31280,AT1G03970,0.011819
AT1G05805,AT2G42300,0.011814
AT5G51790,AT1G29950,0.01181
AT5G67110,AT5G46760,0.011809
AT4G14410,AT1G05710,0.011807
AT4G01460,AT3G58120,0.011794
AT3G26744,AT4G30980,0.011794
AT5G54680,AT5G06950,0.011794
AT4G37730,AT3G57800,0.011793
AT4G35040,AT5G15160,0.011789
AT1G72210,AT2G22770,0.011779
AT3G59060,AT5G38860,0.011776
AT1G77920,AT4G36930,0.011772
AT3G19860,AT1G63650,0.011771
AT3G57800,AT1G51140,0.011767
AT4G02640,AT2G46270,0.011763
AT2G20180,AT4G00050,0.011762
AT4G34000,AT1G06070,0.011756
AT4G38900,AT1G05805,0.011754
AT5G38860,AT4G00480,0.01175
AT3G57800,AT1G26260,0.011745
AT3G58120,AT5G11260,0.011741
AT4G36540,AT5G49450,0.011735
AT4G01460,AT1G29950,0.01173
AT5G15160,AT1G51070,0.011729
AT3G26744,AT2G31730,0.011724
AT2G40620,AT5G65210,0.011721
AT4G36730,AT2G42280,0.01172
AT3G12250,AT3G20640,0.011719
AT4G01460,AT4G00050,0.011708
AT2G21230,AT1G69010,0.011695
AT4G17880,AT1G61660,0.011684
AT3G58120,AT2G42300,0.011683
AT1G42990,AT2G40950,0.011678
AT2G41130,AT4G16430,0.01167
AT3G58120,AT1G26260,0.01167
AT3G06590,AT5G61270,0.011666
AT4G02590,AT3G23690,0.011665
AT1G68810,AT4G02590,0.011643
AT5G49450,AT1G01260,0.011642
AT2G22850,AT2G31730,0.011628
AT2G40620,AT1G06850,0.011628
AT5G06960,AT4G16430,0.011622
AT5G15160,AT1G09250,0.011618
AT1G19490,AT4G01460,0.011617
AT1G05805,AT2G40620,0.011612
AT2G31280,AT5G15160,0.01161
AT1G68920,AT4G01120,0.011606
AT2G31730,AT2G22850,0.011603
AT2G46270,AT1G06070,0.011602
AT1G27660,AT1G42990,0.011592
AT3G26744,AT5G08130,0.011589
AT3G62090,AT1G06850,0.011578
AT1G05710,AT2G47270,0.011578
AT5G10030,AT1G09530,0.011573
AT5G57150,AT1G49720,0.011562
AT1G02340,AT5G08130,0.011558
AT2G42380,AT1G01260,0.01155
AT2G41130,AT4G02590,0.011539
AT2G43060,AT4G36930,0.011537
AT2G41070,AT1G49720,0.011532
AT2G42280,AT4G01120,0.011525
AT1G63650,AT3G62090,0.011524
AT2G41070,AT3G20640,0.011521
AT1G35460,AT2G41070,0.01152
AT1G61660,AT4G35040,0.011514
AT3G57800,AT3G07340,0.011508
AT2G47270,AT5G15160,0.011507
AT5G65210,AT1G08320,0.011493
AT2G18300,AT5G65210,0.011491
AT2G20180,AT2G40620,0.011487
AT5G44080,AT1G08320,0.011483
AT3G05800,AT4G37730,0.011482
AT5G46760,AT2G40620,0.011481
AT1G29950,AT4G30180,0.011475
AT2G46270,AT1G45249,0.011474
AT4G01460,AT1G09530,0.011474
AT1G01260,AT3G19290,0.011473
AT2G46270,AT2G40950,0.011469
AT1G06070,AT5G46690,0.011468
AT3G10800,AT1G77920,0.011443
AT4G36540,AT1G51070,0.011437
AT1G68920,AT1G01260,0.01143
AT4G35040,AT1G12860,0.01142
AT5G46760,AT1G05805,0.011417
AT4G16430,AT1G32640,0.011408
AT5G08130,AT3G62090,0.011403
AT5G51790,AT4G30180,0.011377
AT2G31280,AT4G35900,0.011368
AT3G26744,AT4G38900,0.011367
AT2G40620,AT5G38860,0.011366
AT1G42990,AT4G00050,0.011361
AT1G10120,AT5G24800,0.011352
AT5G44080,AT1G26260,0.011342
AT1G59640,AT1G61660,0.01134
AT5G24800,AT3G61950,0.011338
AT3G10800,AT4G30980,0.011334
AT5G08130,AT2G24260,0.01133
AT2G43010,AT4G30410,0.01133
AT1G45249,AT1G06070,0.011327
AT2G18300,AT3G23690,0.011325
AT2G43010,AT3G58120,0.011321
AT4G30410,AT5G65640,0.011321
AT2G42280,AT1G26260,0.011317
AT5G50915,AT5G53210,0.011313
AT1G05710,AT3G23690,0.011311
AT4G36060,AT3G24140,0.011299
AT1G63650,AT5G44080,0.011293
AT1G68810,AT4G29100,0.011292
AT2G42380,AT4G14410,0.01129
AT3G06590,AT4G02590,0.011279
AT4G00480,AT5G51780,0.011271
AT3G56850,AT2G42280,0.011268
AT1G06070,AT1G01260,0.011257
AT2G43060,AT2G47270,0.011256
AT1G12860,AT1G59640,0.011255
AT4G02640,AT4G35900,0.011251
AT4G09180,AT5G61270,0.011249
AT4G16430,AT1G10120,0.011245
AT1G06850,AT5G28770,0.011241
AT1G49720,AT3G51960,0.01124
AT4G00050,AT2G31370,0.011223
AT4G35040,AT1G06070,0.011207
AT1G73830,AT4G17880,0.011198
AT5G08130,AT3G17100,0.011197
AT3G62090,AT3G06590,0.011197
AT3G12250,AT3G51960,0.011189
AT1G68920,AT1G08320,0.011187
AT2G43060,AT3G17100,0.011185
AT4G36730,AT5G08130,0.011184
AT4G00480,AT1G32150,0.011182
AT5G53210,AT3G20640,0.011181
AT1G68810,AT4G16430,0.011162
AT3G54620,AT2G43060,0.011155
AT3G26744,AT5G06950,0.011151
AT3G24140,AT3G51960,0.01114
AT1G10610,AT5G10030,0.011135
AT5G39860,AT1G02340,0.01113
AT3G17100,AT5G51780,0.011129
AT1G72210,AT2G27230,0.011127
AT5G10030,AT2G21230,0.011118
AT5G39860,AT2G27230,0.011115
AT5G57150,AT2G41070,0.011115
AT3G62090,AT5G51790,0.011113
AT1G43700,AT5G65640,0.01111
AT4G30180,AT1G29950,0.011108
AT1G09530,AT3G57800,0.011105
AT5G46760,AT2G31370,0.011097
AT3G58120,AT3G23210,0.01109
AT1G12860,AT5G51780,0.011088
AT1G01260,AT2G31370,0.011088
AT4G36540,AT3G17100,0.011088
AT4G16430,AT3G05800,0.01108
AT4G36930,AT3G23690,0.011075
AT4G30410,AT5G51780,0.011075
AT1G32150,AT5G54680,0.011073
AT3G12250,AT1G43700,0.011067
AT4G37730,AT3G19860,0.011061
AT5G38860,AT1G73830,0.011059
AT3G19860,AT4G02590,0.011053
AT5G28770,AT1G26260,0.011052
AT2G31370,AT1G29950,0.011052
AT1G63650,AT1G06850,0.01105
AT3G12250,AT4G36730,0.011049
AT4G30410,AT4G36730,0.011046
AT5G61270,AT1G10610,0.011043
AT1G18400,AT1G51070,0.011036
AT4G09180,AT3G07340,0.011034
AT1G05805,AT4G30180,0.011029
AT4G17880,AT4G01460,0.011026
AT5G24800,AT4G14410,0.011021
AT1G22070,AT5G38860,0.011021
AT5G50915,AT5G28770,0.011006
AT5G49450,AT2G20180,0.011005
AT3G57800,AT1G73830,0.011004
AT5G08130,AT1G02340,0.011001
AT1G27660,AT5G50915,0.010994
AT3G56850,AT2G43010,0.010991
AT1G68920,AT3G62090,0.01099
AT5G65210,AT1G05710,0.010981
AT5G53210,AT5G50915,0.01098
AT5G61270,AT5G53210,0.010976
AT3G19290,AT3G59060,0.010972
AT4G38900,AT5G44080,0.010967
AT2G40620,AT1G63650,0.010957
AT5G65640,AT2G22770,0.010937
AT2G31370,AT5G06950,0.010926
AT3G56850,AT5G46760,0.01092
AT5G38860,AT1G43700,0.010918
AT4G34000,AT5G46690,0.010915
AT2G20180,AT4G38900,0.0109
AT5G62610,AT4G29100,0.010887
AT4G36060,AT1G72210,0.010876
AT1G09530,AT1G69010,0.01087
AT5G53210,AT1G18400,0.010869
AT2G43060,AT5G44080,0.010866
AT1G10120,AT2G13130,0.010852
AT3G51960,AT5G46760,0.01085
AT1G43700,AT3G61950,0.010844
AT4G36730,AT1G05805,0.010836
AT4G00050,AT4G16430,0.010831
AT5G10030,AT4G01460,0.010829
AT1G10610,AT1G32150,0.010825
AT4G01120,AT1G08320,0.010822
AT1G09530,AT2G40620,0.010818
AT1G01260,AT5G48560,0.010814
AT2G41070,AT5G38860,0.010803
AT3G51960,AT2G22770,0.0108
AT4G29100,AT2G27230,0.010799
AT3G12250,AT2G16770,0.010791
AT2G43060,AT4G36730,0.010778
AT1G68920,AT2G40950,0.010774
AT1G68920,AT4G34000,0.010772
AT2G20180,AT4G37730,0.01077
AT1G35460,AT2G22770,0.010767
AT5G50915,AT1G03970,0.010766
AT1G49720,AT4G34000,0.010757
AT1G73830,AT5G51790,0.010756
AT4G00050,AT1G29950,0.010755
AT1G09530,AT5G49450,0.010754
AT5G46690,AT3G51960,0.01075
AT2G41070,AT3G51960,0.010747
AT3G19860,AT5G49450,0.010746
AT4G00480,AT4G30410,0.010744
AT4G17880,AT4G36540,0.010739
AT1G22070,AT3G51960,0.010733
AT1G18400,AT3G25710,0.010731
AT2G43010,AT1G72210,0.010717
AT3G57800,AT5G08130,0.010717
AT5G65210,AT4G00050,0.010709
AT2G18300,AT3G58120,0.010709
AT5G67110,AT3G26744,0.010704
AT1G43700,AT3G59060,0.010702
AT1G10610,AT3G56850,0.010699
AT5G44080,AT3G06590,0.010696
AT3G23210,AT4G02590,0.010688
AT1G09250,AT5G15160,0.01068
AT3G12250,AT1G22070,0.010679
AT4G09180,AT1G05805,0.010679
AT5G65640,AT1G27660,0.010676
AT1G10610,AT5G50915,0.010676
AT3G10800,AT1G18400,0.010659
AT4G35900,AT5G53210,0.010657
AT3G56850,AT3G59060,0.010652
AT1G09530,AT1G32150,0.010649
AT2G41130,AT1G09250,0.010645
AT5G61270,AT3G57800,0.010631
AT4G29100,AT3G25710,0.010626
AT3G20640,AT1G32640,0.010623
AT2G16770,AT3G12250,0.010615
AT1G43700,AT5G39860,0.010612
AT4G36540,AT1G05710,0.010603
AT5G67110,AT5G65640,0.0106
AT1G77920,AT5G06950,0.010592
AT4G02590,AT3G61950,0.010588
AT2G41070,AT4G00480,0.010585
AT1G08320,AT5G48560,0.010584
AT5G51790,AT3G23690,0.010584
AT4G00480,AT4G36730,0.010577
AT2G40950,AT3G25710,0.010576
AT1G69010,AT4G36060,0.010576
AT4G01460,AT1G26260,0.010569
AT3G20640,AT1G18400,0.010567
AT2G40620,AT3G59060,0.010567
AT3G20640,AT3G12250,0.010565
AT1G01260,AT4G00480,0.010564
AT1G43700,AT4G36060,0.010559
AT5G49450,AT5G65210,0.010555
AT5G46690,AT5G51780,0.010554
AT3G23210,AT1G09250,0.01054
AT3G58120,AT3G19860,0.010536
AT1G18400,AT2G41130,0.010533
AT5G67110,AT2G43060,0.010532
AT1G02340,AT3G61950,0.010524
AT2G20180,AT3G58120,0.010515
AT1G45249,AT2G42300,0.010513
AT4G30410,AT3G62090,0.010509
AT3G12250,AT5G65640,0.010498
AT1G06070,AT4G14410,0.010492
AT1G49720,AT1G05805,0.010489
AT2G46810,AT5G67110,0.010477
AT4G30410,AT5G49450,0.010474
AT1G26260,AT1G63650,0.010474
AT4G29100,AT3G47640,0.010471
AT4G35040,AT2G16770,0.010469
AT5G65210,AT2G41070,0.010461
AT1G22070,AT4G35900,0.01046
AT4G01120,AT1G06070,0.01045
AT4G14410,AT1G35460,0.01044
AT5G51780,AT1G72210,0.010433
AT2G18300,AT4G02590,0.010432
AT5G46760,AT2G46270,0.010432
AT1G05805,AT4G35900,0.01043
AT1G77920,AT4G14410,0.010425
AT2G43010,AT5G15160,0.010423
AT5G46690,AT2G31280,0.010415
AT5G53210,AT2G16770,0.010412
AT5G11260,AT1G72210,0.010407
AT4G01120,AT3G51960,0.010405
AT3G20640,AT2G16770,0.010395
AT5G08130,AT4G30410,0.010392
AT4G00480,AT2G24260,0.010389
AT3G54620,AT2G47270,0.010386
AT2G43060,AT5G46690,0.010384
AT2G16770,AT2G35530,0.010383
AT1G32640,AT1G29950,0.010383
AT2G22850,AT2G46510,0.010373
AT5G50915,AT1G05710,0.010373
AT3G12250,AT2G41130,0.010372
AT4G00480,AT4G37730,0.010368
AT1G01260,AT5G44080,0.010364
AT3G07340,AT1G59640,0.010358
AT4G36540,AT3G24140,0.010353
AT1G06850,AT1G09530,0.010349
AT1G12860,AT1G35460,0.010349
AT3G58120,AT4G09180,0.010348
AT5G54680,AT3G26744,0.010344
AT5G44080,AT5G28770,0.010343
AT2G42280,AT2G31280,0.010342
AT1G43700,AT3G05800,0.010313
AT4G01460,AT5G50915,0.010299
AT1G12860,AT4G38900,0.010299
AT1G32150,AT2G42300,0.010299
AT3G19860,AT4G16430,0.010287
AT1G09530,AT5G54680,0.010285
AT5G11260,AT1G03970,0.010283
AT5G46690,AT5G48560,0.010282
AT2G40950,AT3G26744,0.010276
AT1G18400,AT2G43060,0.010269
AT5G10030,AT4G36540,0.010264
AT2G31730,AT5G67110,0.01026
AT1G27660,AT4G09180,0.010259
AT3G20640,AT1G22070,0.010258
AT1G45249,AT2G46270,0.010253
AT1G01260,AT1G03970,0.010249
AT2G46270,AT4G30980,0.010241
AT5G46760,AT3G05800,0.01024
AT5G61270,AT1G51140,0.010224
AT5G28770,AT1G77920,0.010221
AT3G05800,AT1G49720,0.010211
AT3G61950,AT3G20640,0.010208
AT5G50915,AT4G35900,0.010204
AT1G29950,AT1G42990,0.010201
AT5G46760,AT1G61660,0.010195
AT1G03970,AT3G59060,0.010189
AT5G08130,AT2G42380,0.010185
AT5G65640,AT1G09250,0.010177
AT2G31280,AT2G40950,0.010177
AT5G62610,AT1G45249,0.010174
AT4G36730,AT2G22770,0.010174
AT4G14410,AT1G22070,0.010164
AT1G51070,AT2G27230,0.010163
AT1G12860,AT5G10030,0.01016
AT4G29100,AT2G35530,0.01016
AT5G62610,AT2G46510,0.010155
AT5G51790,AT2G13130,0.010154
AT1G19490,AT1G05805,0.010151
AT4G34000,AT4G14410,0.01015
AT4G36730,AT4G14410,0.010149
AT5G51780,AT2G41130,0.010146
AT3G10800,AT5G06960,0.010141
AT3G26744,AT2G46810,0.01014
AT4G02590,AT4G36540,0.010139
AT5G11260,AT4G37730,0.010134
AT1G73830,AT1G05710,0.010129
AT3G23210,AT5G06960,0.010121
AT4G38900,AT3G58120,0.010116
AT5G06960,AT4G09180,0.010112
AT4G30180,AT4G17880,0.010106
AT5G51780,AT2G42380,0.010105
AT2G42380,AT4G38900,0.010104
AT5G06960,AT3G23210,0.010102
AT4G17880,AT1G51140,0.010098
AT1G29950,AT4G00050,0.010097
AT3G62090,AT1G06070,0.010094
AT3G54620,AT1G61660,0.010093
AT1G02340,AT3G58120,0.010093
AT5G67110,AT1G72210,0.010087
AT3G51960,AT3G24140,0.010084
AT1G05805,AT2G41130,0.010078
AT1G32150,AT4G36060,0.010068
AT4G36060,AT2G13130,0.010059
AT4G01120,AT3G57800,0.010057
AT5G62610,AT2G42300,0.010053
AT2G22850,AT1G12860,0.01005
AT2G16770,AT4G30980,0.010049
AT3G07340,AT2G46510,0.010049
AT5G10030,AT2G22850,0.010046
AT3G23210,AT3G12250,0.010045
AT2G22770,AT5G57150,0.010042
AT3G26744,AT1G26260,0.010042
AT4G36540,AT3G19860,0.010039
AT4G37730,AT5G57150,0.010038
AT2G40620,AT3G62090,0.010033
AT2G40620,AT4G16430,0.010026
AT4G17880,AT2G42300,0.010021
AT1G32150,AT5G24800,0.010015
AT1G43700,AT1G27660,0.010015
AT1G69010,AT5G08130,0.010006
AT5G50915,AT2G42380,0.010004
AT4G01120,AT5G51790,0.010003
AT5G65640,AT2G24260,0.010001
AT4G02640,AT2G42280,0.009999
AT5G53210,AT4G35900,0.009997
AT5G57150,AT2G42380,0.009995
AT2G31730,AT1G72210,0.009994
AT3G58120,AT5G61270,0.009993
AT4G01120,AT4G02640,0.009992
AT5G46690,AT1G73830,0.00999
AT3G23210,AT2G16770,0.009988
AT2G24260,AT4G36060,0.009986
AT5G51780,AT4G30410,0.009985
AT1G63650,AT2G40620,0.009984
AT5G62610,AT1G10120,0.009981
AT3G62090,AT1G18400,0.009979
AT3G19860,AT2G41070,0.009972
AT3G57800,AT5G51790,0.009968
AT1G68920,AT1G32150,0.009966
AT2G42300,AT3G05800,0.009965
AT1G43700,AT2G18300,0.009962
AT5G06950,AT2G46510,0.009956
AT3G54620,AT3G17100,0.009948
AT4G29100,AT4G14410,0.009946
AT4G02640,AT5G15160,0.009931
AT1G22070,AT4G14410,0.00992
AT3G12250,AT4G30410,0.00991
AT2G18300,AT3G07340,0.009903
AT1G27660,AT5G28770,0.0099
AT4G02640,AT4G34000,0.009895
AT1G68810,AT3G26744,0.009894
AT3G58120,AT3G05800,0.00989
AT2G31730,AT3G23690,0.00989
AT5G06960,AT1G10120,0.009889
AT1G05805,AT1G22070,0.009886
AT4G35040,AT5G46760,0.009885
AT3G23210,AT4G37730,0.009877
AT4G38900,AT2G22850,0.009875
AT5G67110,AT1G63650,0.009874
AT2G46810,AT1G32150,0.009873
AT5G67110,AT3G25710,0.009872
AT5G38860,AT3G59060,0.009871
AT2G31280,AT2G40620,0.00986
AT5G08130,AT5G39860,0.009855
AT4G09180,AT2G16770,0.009851
AT5G46760,AT2G13130,0.009845
AT1G32150,AT3G19290,0.009844
AT5G46690,AT1G02340,0.00984
AT2G22770,AT5G65640,0.009837
AT5G38860,AT1G27660,0.009836
AT2G20180,AT3G47640,0.009833
AT5G49450,AT2G42280,0.009829
AT4G35900,AT1G12860,0.009824
AT2G43060,AT3G26744,0.009823
AT2G21230,AT1G32150,0.009816
AT4G35900,AT1G73830,0.00981
AT4G01460,AT5G10030,0.009808
AT1G35460,AT4G36060,0.009797
AT4G36730,AT3G54620,0.009789
AT1G12860,AT5G53210,0.009786
AT2G31370,AT3G23210,0.009784
AT3G56850,AT5G06950,0.009783
AT4G34000,AT1G59640,0.009781
AT4G01460,AT5G61270,0.00978
AT5G49450,AT3G23210,0.009758
AT1G09250,AT1G45249,0.009756
AT2G31370,AT3G47640,0.009753
AT4G30410,AT5G39860,0.009749
AT4G16430,AT4G00050,0.009747
AT3G47640,AT3G58120,0.009745
AT4G30410,AT5G08130,0.009736
AT3G24140,AT4G01460,0.009734
AT5G48560,AT5G46690,0.009727
AT1G32150,AT5G08130,0.009727
AT4G36930,AT1G59640,0.009725
AT2G42300,AT2G13130,0.009724
AT2G24260,AT1G69010,0.009721
AT4G36930,AT5G06950,0.009718
AT2G42280,AT1G18400,0.009717
AT1G45249,AT4G14410,0.009706
AT5G10030,AT4G16430,0.009705
AT1G59640,AT5G06960,0.009703
AT3G56850,AT4G36060,0.009696
AT4G16430,AT1G09250,0.009687
AT1G43700,AT2G42280,0.009686
AT2G24260,AT4G02640,0.009681
AT2G43060,AT3G58120,0.009673
AT5G24800,AT1G73830,0.009668
AT3G25710,AT5G67110,0.009666
AT3G07340,AT5G24800,0.009662
AT2G42280,AT5G51790,0.00966
AT5G28770,AT4G17880,0.009657
AT1G03040,AT1G32150,0.009654
AT4G36730,AT2G13130,0.009653
AT2G20180,AT2G13130,0.00965
AT1G35460,AT4G14410,0.00965
AT2G31280,AT1G01260,0.009648
AT5G51780,AT4G35900,0.009646
AT2G42280,AT5G46690,0.009639
AT3G26744,AT1G68920,0.009637
AT1G29950,AT1G10120,0.009635
AT5G54680,AT1G61660,0.009628
AT1G19490,AT1G61660,0.009627
AT2G46270,AT1G59640,0.009623
AT1G22070,AT3G24140,0.00962
AT3G23210,AT5G53210,0.009616
AT4G30180,AT2G42300,0.009602
AT1G09250,AT1G19490,0.009599
AT5G54680,AT3G59060,0.009596
AT5G28770,AT1G06850,0.009595
AT4G01460,AT4G02590,0.009594
AT5G57150,AT4G02590,0.009589
AT3G17100,AT1G51140,0.009583
AT5G39860,AT4G00050,0.00958
AT4G34000,AT4G00050,0.00957
AT2G24260,AT5G06960,0.009566
AT4G36540,AT3G07340,0.009558
AT3G59060,AT3G58120,0.009553
AT3G59060,AT4G02590,0.009549
AT1G61660,AT4G29100,0.009546
AT5G39860,AT1G06850,0.009541
AT2G40620,AT4G37730,0.009539
AT2G42280,AT5G49450,0.009535
AT4G16430,AT1G77920,0.009528
AT1G68920,AT2G22850,0.009527
AT4G29100,AT3G51960,0.009527
AT5G44080,AT5G54680,0.009523
AT2G47270,AT4G14410,0.009523
AT2G16770,AT1G73830,0.009523
AT5G54680,AT4G16430,0.009517
AT3G56850,AT1G10120,0.009495
AT5G38860,AT1G32150,0.009492
AT1G02340,AT5G67110,0.009488
AT2G31280,AT5G44080,0.009483
AT5G57150,AT2G16770,0.009479
AT3G59060,AT5G15160,0.009469
AT2G42280,AT3G51960,0.009461
AT1G01260,AT5G49450,0.00946
AT2G43010,AT3G07340,0.00945
AT2G43010,AT4G02590,0.00945
AT1G27660,AT1G08320,0.009448
AT5G49450,AT2G13130,0.009445
AT1G06850,AT5G50915,0.009445
AT5G51790,AT5G62610,0.009445
AT2G31370,AT4G35040,0.009442
AT2G41070,AT1G05710,0.009437
AT4G02640,AT3G23690,0.009434
AT4G01120,AT5G54680,0.009431
AT2G27230,AT1G72210,0.00943
AT1G02340,AT1G69010,0.009422
AT3G17100,AT2G16770,0.009418
AT5G08130,AT5G46760,0.009405
AT5G10030,AT2G13130,0.009404
AT1G19490,AT2G22850,0.009402
AT1G42990,AT1G61660,0.009399
AT4G34000,AT1G45249,0.009396
AT5G28770,AT4G30180,0.009394
AT4G02640,AT3G05800,0.009393
AT3G17100,AT2G24260,0.009387
AT2G31730,AT5G54680,0.009386
AT3G47640,AT4G14410,0.009386
AT2G21230,AT3G12250,0.009384
AT2G42280,AT5G54680,0.009378
AT4G34000,AT4G01120,0.00936
AT3G20640,AT3G61950,0.00936
AT3G19860,AT4G36060,0.009357
AT5G11260,AT1G59640,0.009353
AT3G19290,AT5G06950,0.009353
AT2G40950,AT4G02640,0.009353
AT2G18300,AT1G32640,0.009341
AT1G32150,AT3G59060,0.009339
AT1G59640,AT1G10120,0.009338
AT2G40950,AT1G29950,0.009331
AT3G59060,AT5G61270,0.009331
AT1G69010,AT3G62090,0.009327
AT5G49450,AT2G21230,0.009326
AT2G46510,AT1G51070,0.009324
AT2G42280,AT1G43700,0.009323
AT4G14410,AT1G77920,0.009321
AT2G24260,AT5G51790,0.009318
AT2G41070,AT1G72210,0.009315
AT3G23210,AT4G01460,0.009309
AT5G65640,AT5G46690,0.009304
AT1G05805,AT4G09180,0.009297
AT5G10030,AT1G10610,0.009296
AT3G56850,AT4G02640,0.009291
AT2G22770,AT4G36060,0.009289
AT1G27660,AT4G01460,0.009283
AT2G46810,AT1G61660,0.009281
AT1G19490,AT3G05800,0.009273
AT2G46270,AT3G26744,0.009271
AT4G01460,AT5G67110,0.009266
AT2G41070,AT1G09250,0.009262
AT2G22850,AT3G24140,0.009261
AT4G38900,AT1G68810,0.009258
AT2G16770,AT3G19860,0.009258
AT1G73830,AT2G20180,0.009257
AT3G23210,AT2G46810,0.009256
AT1G18400,AT1G01260,0.009253
AT1G01260,AT1G35460,0.009243
AT3G12250,AT5G51780,0.009241
AT1G32640,AT2G46270,0.009235
AT2G43060,AT1G08320,0.009234
AT1G42990,AT1G59640,0.009232
AT3G19860,AT5G62610,0.009231
AT5G44080,AT2G42280,0.00923
AT3G19860,AT2G42300,0.009229
AT3G05800,AT3G59060,0.009226
AT1G27660,AT1G26260,0.009222
AT3G23210,AT4G36060,0.00922
AT1G10120,AT1G69010,0.009214
AT3G26744,AT1G77920,0.009208
AT2G40620,AT4G01460,0.009196
AT5G48560,AT5G65210,0.009193
AT4G01120,AT3G12250,0.009193
AT4G09180,AT4G17880,0.009192
AT2G40620,AT1G43700,0.009192
AT1G59640,AT2G13130,0.009189
AT4G29100,AT4G16430,0.009182
AT3G12250,AT2G21230,0.009182
AT1G49720,AT4G36930,0.009182
AT5G11260,AT3G51960,0.009179
AT3G25710,AT2G41130,0.009178
AT1G59640,AT2G42300,0.009178
AT3G47640,AT2G42300,0.009172
AT5G11260,AT4G36540,0.009167
AT2G31730,AT4G02640,0.009167
AT5G28770,AT5G62610,0.009162
AT3G26744,AT2G24260,0.009162
AT2G27230,AT1G51070,0.009158
AT2G18300,AT1G35460,0.009156
AT2G40950,AT3G10800,0.009147
AT2G31370,AT3G26744,0.009147
AT4G36540,AT5G50915,0.009143
AT1G68810,AT1G27660,0.009139
AT3G26744,AT4G35900,0.009137
AT5G38860,AT1G63650,0.009137
AT5G15160,AT3G58120,0.009136
AT1G09250,AT1G73830,0.009124
AT1G45249,AT3G26744,0.009119
AT5G46690,AT3G61950,0.009114
AT1G18400,AT4G00480,0.00911
AT3G59060,AT1G49720,0.00911
AT1G73830,AT2G16770,0.00911
AT3G05800,AT1G77920,0.009109
AT5G54680,AT2G42280,0.009107
AT1G06070,AT4G30980,0.009104
AT4G02640,AT2G21230,0.009102
AT5G54680,AT3G23690,0.009099
AT5G39860,AT5G67110,0.009098
AT1G59640,AT1G77920,0.009096
AT3G58120,AT5G38860,0.009093
AT5G44080,AT3G17100,0.009092
AT2G21230,AT2G31730,0.009091
AT1G09530,AT1G35460,0.009087
AT1G43700,AT1G05805,0.009086
AT5G54680,AT4G29100,0.009081
AT1G63650,AT1G59640,0.00908
AT1G06850,AT1G32150,0.009079
AT1G51070,AT5G15160,0.009076
AT5G65210,AT3G05800,0.009065
AT1G10610,AT4G02590,0.009065
AT1G69010,AT3G59060,0.009062
AT1G05805,AT2G43010,0.009061
AT3G26744,AT4G36930,0.009046
AT1G32150,AT1G09530,0.009043
AT4G30410,AT5G53210,0.009042
AT3G62090,AT3G51960,0.009037
AT1G18400,AT5G46760,0.009035
AT2G31280,AT1G09530,0.009022
AT3G19860,AT4G36730,0.009013
AT5G61270,AT4G36730,0.009011
AT1G02340,AT2G31280,0.009004
AT3G12250,AT1G32150,0.009004
AT5G46690,AT2G43060,0.009002
AT2G16770,AT4G36540,0.009002
AT1G77920,AT1G59640,0.009002
AT4G37730,AT4G30980,0.009001
AT1G06070,AT3G62090,0.008999
AT4G16430,AT4G29100,0.008993
AT1G68920,AT5G15160,0.008983
AT3G12250,AT4G00480,0.008968
AT1G03970,AT4G09180,0.008964
AT5G46760,AT1G77920,0.008952
AT1G18400,AT4G30180,0.008949
AT1G69010,AT5G49450,0.008949
AT3G61950,AT2G16770,0.008945
AT5G51790,AT1G73830,0.008945
AT1G06070,AT2G42380,0.008938
AT3G26744,AT4G34000,0.00892
AT5G54680,AT4G14410,0.008915
AT1G10120,AT3G12250,0.008915
AT2G47270,AT1G49720,0.008908
AT3G62090,AT5G06950,0.008906
AT1G49720,AT4G02590,0.008903
AT5G54680,AT3G56850,0.0089
AT3G47640,AT3G05800,0.008884
AT3G56850,AT5G38860,0.008883
AT5G46690,AT4G02640,0.00888
AT3G07340,AT3G59060,0.008878
AT1G73830,AT1G09250,0.008876
AT3G59060,AT5G44080,0.008876
AT4G01120,AT1G32150,0.008874
AT1G26260,AT1G27660,0.008864
AT1G22070,AT4G00480,0.008859
AT1G68920,AT3G26744,0.008858
AT1G49720,AT4G00050,0.008847
AT1G18400,AT1G72210,0.008845
AT5G57150,AT5G53210,0.008834
AT3G19860,AT1G73830,0.008833
AT1G29950,AT1G09250,0.00883
AT5G06950,AT2G35530,0.008828
AT3G23210,AT2G22850,0.008821
AT5G57150,AT1G18400,0.00882
AT5G39860,AT1G01260,0.008809
AT2G43060,AT3G54620,0.008807
AT1G32640,AT4G35040,0.008806
AT5G62610,AT4G00050,0.008804
AT4G36060,AT3G51960,0.0088
AT1G63650,AT1G72210,0.008798
AT4G35040,AT4G34000,0.008795
AT5G51790,AT3G26744,0.008787
AT4G36540,AT3G20640,0.008787
AT3G19290,AT4G29100,0.008777
AT3G19860,AT5G50915,0.008777
AT5G61270,AT1G51070,0.008772
AT2G16770,AT5G24800,0.008766
AT1G06070,AT1G18400,0.008765
AT1G32640,AT3G20640,0.008762
AT3G17100,AT3G54620,0.008761
AT2G43010,AT3G19860,0.008761
AT2G43060,AT1G05805,0.008757
AT1G35460,AT5G48560,0.008757
AT3G23690,AT3G25710,0.008755
AT5G62610,AT2G40950,0.008749
AT1G69010,AT3G17100,0.008746
AT2G35530,AT3G20640,0.008745
AT2G21230,AT1G08320,0.008741
AT2G43010,AT1G03040,0.008739
AT4G00050,AT2G18300,0.008739
AT5G10030,AT3G07340,0.008731
AT4G36540,AT1G10120,0.008731
AT5G38860,AT4G30410,0.008729
AT1G01260,AT5G51780,0.008719
AT5G08130,AT4G00480,0.008718
