"TF","TargetGene","Score"
"AT2G40950","AT4G27657",0.420336722846698
"AT2G21230","AT1G31320",0.414773768305123
"AT2G46510","AT3G48260",0.332643525831362
"AT4G02640","AT4G27657",0.32492759827084
"AT3G06590","AT4G28720",0.316524348099489
"AT3G24140","AT5G08130",0.296712082421945
"AT3G24140","AT3G58640",0.28780510960355
"AT2G47270","AT4G28720",0.280975436893504
"AT3G56850","AT3G53450",0.278774317019456
"AT5G08130","AT3G24140",0.272631805458131
"AT1G61660","AT4G28703",0.257068728442609
"AT5G44080","AT4G28720",0.244027697776608
"AT5G46690","AT5G59590",0.237156782666944
"AT2G46810","AT3G58980",0.227230047696871
"AT2G22850","AT5G05250",0.226135751042668
"AT4G16430","AT4G28703",0.225801484306665
"AT3G23690","AT3G47540",0.225229502373434
"AT3G24140","AT2G39810",0.224140982795454
"AT3G17100","AT3G59220",0.223595182658779
"AT3G19290","AT3G21870",0.222851094179154
"AT5G48560","AT1G32690",0.222630974193661
"AT3G06590","AT3G47540",0.222344855389356
"AT3G62090","AT2G23590",0.218449539822385
"AT2G31370","AT5G56100",0.217665195829144
"AT2G46510","AT3G51960",0.211955519483419
"AT5G48560","AT2G22770",0.211934609292019
"AT2G42280","AT1G33750",0.210779342520204
"AT1G35460","AT2G22770",0.210441511062676
"AT4G02640","AT1G79410",0.208641006231309
"AT4G35040","AT3G50850",0.207162926996178
"AT4G30180","AT3G18950",0.206186294701277
"AT5G53210","AT4G02360",0.202548122127385
"AT1G43700","AT1G31320",0.200535150541388
"AT4G14410","AT2G26040",0.199073860680106
"AT5G06960","AT3G50850",0.198562874246003
"AT3G24140","AT5G60890",0.192470460337256
"AT5G28770","AT1G32690",0.189818149691457
"AT5G08130","AT1G32690",0.18681137517214
"AT2G41070","AT5G56100",0.186055709184616
"AT3G61950","AT3G51750",0.180423603090131
"AT3G06590","AT2G22770",0.177472845428348
"AT1G51070","AT4G35783",0.177219908232988
"AT5G08130","AT3G21870",0.175678304079628
"AT5G51790","AT5G16340",0.174512659395443
"AT1G32640","AT3G51960",0.174029501348506
"AT1G51140","AT5G51780",0.170219575414846
"AT3G26744","AT4G28703",0.170015126104441
"AT1G45249","AT5G51780",0.16817613637774
"AT4G35040","AT2G04100",0.166029841905026
"AT5G06950","AT4G35783",0.165231428554572
"AT4G16430","AT3G53450",0.16413950652824
"AT5G11260","AT3G53450",0.163178629106711
"AT3G57800","AT2G35930",0.16163578341803
"AT3G24140","AT4G05010",0.160909785345222
"AT4G16430","AT2G01430",0.159706349221583
"AT3G24140","AT5G58440",0.154823204256476
"AT3G24140","AT1G10610",0.154615350091161
"AT3G17100","AT3G48260",0.154314551324588
"AT2G27230","AT4G35783",0.152819705873419
"AT4G16430","AT3G45730",0.151813665883836
"AT3G24140","AT4G16660",0.149071588837217
"AT4G38900","AT5G60890",0.145431575416295
"AT5G38860","AT5G59080",0.143518464392107
"AT2G43010","AT4G35783",0.142940344137511
"AT4G14410","AT5G05250",0.142711119649017
"AT3G17100","AT1G65690",0.142397828719453
"AT1G51140","AT2G23590",0.141652249668951
"AT5G57150","AT2G23590",0.140476404904449
"AT4G09180","AT5G59590",0.139133998043813
"AT5G11260","AT1G76570",0.138679632183373
"AT5G39860","AT5G07010",0.138327222121455
"AT2G20180","AT3G50850",0.137842237255581
"AT5G67110","AT1G27730",0.13599811078103
"AT4G00050","AT3G21870",0.13595646979601
"AT4G30980","AT5G51790",0.135215109065592
"AT4G00480","AT5G26200",0.135004587486763
"AT5G46760","AT5G61270",0.13446523909107
"AT1G06850","AT2G35930",0.133686388364018
"AT2G31730","AT1G35430",0.133289895582471
"AT5G08130","AT5G50240",0.132058074981782
"AT5G53210","AT5G26200",0.130370467774591
"AT5G08130","AT1G11220",0.129951969387218
"AT1G19490","AT5G51790",0.129733395153323
"AT2G31730","AT5G56100",0.129593463056655
"AT5G28770","AT1G65690",0.128415260900972
"AT1G68920","AT5G60890",0.127746409246837
"AT3G24140","AT1G20490",0.126934176913048
"AT2G31370","AT2G35930",0.125934223318241
"AT1G03970","AT1G15170",0.124523768038505
"AT1G27660","AT5G19040",0.123393136586092
"AT3G24140","AT1G62310",0.123283064703678
"AT3G24140","AT4G24480",0.123151847680071
"AT2G41070","AT1G35430",0.122277703621303
"AT2G40620","AT3G51960",0.120813050182557
"AT4G09180","AT5G58770",0.120511617260755
"AT4G36730","AT3G59220",0.12024967617633
"AT5G48560","AT1G27730",0.120148659725887
"AT5G49450","AT3G45730",0.119584220023125
"AT1G32640","AT3G21870",0.119424314272195
"AT2G31370","AT3G18950",0.118792991327613
"AT3G54620","AT3G51750",0.118576101725063
"AT5G67110","AT3G15357",0.118255000066342
"AT3G19860","AT5G19040",0.118173772621597
"AT3G05800","AT2G26040",0.118103855331119
"AT5G39860","AT1G05600",0.117892300385284
"AT1G05710","AT4G27657",0.117115257700895
"AT4G36540","AT2G38465",0.116753514552616
"AT3G54620","AT5G07860",0.11673959753553
"AT3G24140","AT3G51670",0.116419521575784
"AT5G08130","AT3G50800",0.11627583948127
"AT4G30180","AT5G59080",0.115385826732114
"AT5G08130","AT3G58640",0.114967906534237
"AT1G05805","AT5G19040",0.114861994126638
"AT1G03970","AT2G35930",0.114545541036156
"AT2G31730","AT5G58770",0.114445992164491
"AT1G42990","AT2G35930",0.114230078000133
"AT4G02640","AT3G59220",0.114158289039362
"AT4G00050","AT5G17650",0.113476496326349
"AT1G09530","AT1G79410",0.113462866220236
"AT1G59640","AT5G15160",0.112476237359121
"AT2G20180","AT2G20480",0.11236814211627
"AT3G12250","AT5G19040",0.112318998855853
"AT1G10610","AT3G24140",0.112127704707838
"AT3G23210","AT2G04100",0.110989833457588
"AT3G24140","AT3G49260",0.110067374652498
"AT1G29950","AT3G15950",0.109723859322733
"AT5G57150","AT4G35783",0.10970987665339
"AT4G00050","AT3G58980",0.109464658750663
"AT1G32640","AT3G45680",0.109372511825776
"AT2G16770","AT5G19875",0.109126946299654
"AT2G42380","AT2G22470",0.109083934947482
"AT3G17100","AT4G11330",0.108858779184295
"AT4G35040","AT5G51790",0.108246252829999
"AT5G24800","AT5G59590",0.107043137901783
"AT3G61950","AT3G45730",0.106564431090168
"AT3G23690","AT5G59590",0.106485353397781
"AT3G20640","AT3G20340",0.106193837030676
"AT3G24140","AT5G19040",0.106103260078847
"AT4G16430","AT4G32272",0.10569789358749
"AT3G26744","AT1G75770",0.105044479092421
"AT4G30180","AT5G05250",0.105012064829085
"AT2G21230","AT1G33750",0.104938862599064
"AT2G42300","AT5G07010",0.104389525052356
"AT2G47270","AT2G26040",0.103835530247645
"AT4G36730","AT1G77450",0.103565859363116
"AT3G58120","AT1G32690",0.103423487452927
"AT4G01460","AT3G58980",0.103418508670769
"AT3G26744","AT5G66350",0.103232147331138
"AT4G16430","AT5G19875",0.102895594801572
"AT3G24140","AT1G62590",0.102708792900504
"AT5G08130","AT3G02980",0.102542330345297
"AT1G09250","AT3G03170",0.102426757263052
"AT3G24140","AT2G46800",0.102016605013114
"AT1G22070","AT5G07010",0.101941322036508
"AT1G59640","AT2G22770",0.10190118220231
"AT3G17100","AT3G62090",0.101770843028975
"AT1G43700","AT2G26040",0.101695251044926
"AT1G26260","AT5G51790",0.101428596284009
"AT3G61950","AT5G53030",0.101046345578614
"AT5G65640","AT3G51960",0.100813358408422
"AT3G26744","AT5G23820",0.100229473235789
"AT1G06070","AT3G44320",0.0995620525495052
"AT3G24140","AT1G15175",0.0993483478790638
"AT3G17100","AT3G12300",0.0989727328341842
"AT3G23210","AT2G35170",0.0989229996664756
"AT5G28770","AT1G11220",0.0988344255437232
"AT5G54680","AT1G33750",0.0985881717303563
"AT2G40620","AT4G36060",0.0981546669160437
"AT5G62610","AT3G15950",0.0977487503306672
"AT2G42280","AT1G49780",0.0977113595788282
"AT5G06960","AT1G73830",0.0976192431119947
"AT5G44080","AT4G35783",0.097507340142633
"AT1G29950","AT5G07010",0.0969232746321551
"AT1G49720","AT4G02360",0.0968226421629575
"AT3G20640","AT5G19875",0.0964669716288012
"AT2G31370","AT4G23600",0.0962033582732527
"AT2G16770","AT3G55240",0.0960027628529243
"AT3G17100","AT1G79410",0.0959696350907854
"AT5G53210","AT1G65690",0.0958559222153885
"AT4G38900","AT3G53450",0.0957084937613667
"AT2G46810","AT3G15950",0.0956496945880728
"AT1G19490","AT3G15357",0.0951982014776591
"AT4G16430","AT2G23590",0.0948596999468358
"AT4G30980","AT3G09490",0.0946504442293088
"AT3G17100","AT5G53030",0.0938590742366684
"AT3G59060","AT2G23348",0.0937700391180737
"AT2G43010","AT5G05850",0.0937694042290025
"AT4G02590","AT1G64890",0.0934857518672239
"AT2G41070","AT1G33750",0.0933371230255517
"AT1G27660","AT1G79410",0.0928389338344977
"AT4G09180","AT5G60890",0.0925723457071183
"AT1G42990","AT3G47780",0.0922938518251381
"AT1G05805","AT2G38465",0.0921756275928584
"AT3G24140","AT3G03680",0.0920744883672236
"AT3G24140","AT4G15120",0.0920534617010351
"AT1G32150","AT3G22670",0.0918325242761064
"AT3G54620","AT5G56100",0.0918000962431413
"AT2G27230","AT2G01430",0.0917476019632781
"AT4G34000","AT1G32690",0.0916104126968981
"AT3G57800","AT2G23348",0.0905955396273977
"AT1G05805","AT1G64890",0.0905900089498893
"AT4G38900","AT1G33750",0.090517091392814
"AT5G08130","AT1G65690",0.0905081819316838
"AT4G30410","AT1G75770",0.0904478204597269
"AT1G05805","AT3G02980",0.0902377167346894
"AT1G03040","AT5G19040",0.0901945014739601
"AT2G13130","AT5G51780",0.0901182250351135
"AT5G24800","AT1G27730",0.0894943637939109
"AT5G08130","AT5G07010",0.0894861766219264
"AT1G05805","AT1G15175",0.0893762939683402
"AT5G46690","AT5G26200",0.089159227659061
"AT1G69010","AT4G28703",0.0890275953779729
"AT1G19490","AT3G09490",0.0889821087695152
"AT4G34000","AT2G23590",0.0888411682123665
"AT4G35040","AT3G59220",0.088745999985891
"AT1G32150","AT1G73830",0.0887272807353246
"AT5G38860","AT5G26200",0.0885825725024682
"AT3G06590","AT5G11260",0.0885558065520079
"AT3G24140","AT3G05030",0.0883458526514971
"AT3G58120","AT5G50240",0.0882005563765171
"AT2G22850","AT1G60270",0.0879747512179234
"AT3G17100","AT1G31320",0.0878614676859931
"AT3G26744","AT3G20340",0.0878303899416288
"AT4G09180","AT5G15160",0.0878159064606358
"AT3G23210","AT3G57860",0.087413353571301
"AT5G38860","AT1G11220",0.0873455855312559
"AT1G68920","AT3G11840",0.0872167394066289
"AT4G02590","AT4G36060",0.0869436108299312
"AT1G29950","AT1G68620",0.0869173765161014
"AT2G22770","AT1G06620",0.0868621392214103
"AT3G57800","AT4G01670",0.0864901480912879
"AT4G30410","AT4G18360",0.0859983573893864
"AT1G51140","AT5G63500",0.0859478525934243
"AT3G61950","AT5G19875",0.0857694824910923
"AT5G62610","AT5G59590",0.0852796085863353
"AT3G56850","AT5G53030",0.0848396659805383
"AT4G38900","AT1G65690",0.08427964004876
"AT4G17880","AT5G56180",0.0842056808850346
"AT1G45249","AT2G21080",0.0839899397947566
"AT4G17880","AT2G37750",0.0838382125172582
"AT4G30410","AT3G59220",0.0838255379831641
"AT5G44080","AT3G47540",0.0838007960170569
"AT1G45249","AT5G51790",0.0835229911006218
"AT3G59060","AT5G51780",0.0832719373457854
"AT5G46690","AT3G02980",0.0831259158328971
"AT3G24140","AT1G09210",0.0830807377829416
"AT1G10610","AT2G26040",0.0830290359876025
"AT2G40950","AT3G26750",0.0827315160222208
"AT1G06850","AT3G15357",0.0825979958626433
"AT1G05710","AT3G15950",0.0823922186558046
"AT5G54680","AT1G31320",0.0823278999352119
"AT3G24140","AT3G60540",0.0822822227144708
"AT1G63650","AT1G60270",0.0822306847026842
"AT1G19490","AT1G60270",0.082227411395438
"AT5G54680","AT5G60890",0.0820538675844071
"AT3G24140","AT5G43020",0.0819972755842185
"AT3G24140","AT4G37390",0.0819084596326066
"AT4G35900","AT3G45730",0.0818045733458177
"AT5G08130","AT3G48260",0.0816979025163978
"AT3G19290","AT2G23348",0.0816066535694336
"AT1G69010","AT1G77450",0.0815744125941654
"AT1G35460","AT3G62090",0.081552842998469
"AT1G59640","AT1G73830",0.0815521514747323
"AT1G63650","AT3G09490",0.0813023973236415
"AT1G09530","AT2G23348",0.080949550015921
"AT5G08130","AT3G03590",0.0807344439995315
"AT2G31370","AT1G18400",0.0806246142547327
"AT5G24800","AT3G05800",0.0806078451834326
"AT1G51070","AT3G50850",0.0805893720643538
"AT3G24140","AT2G01430",0.08043003958185
"AT2G40620","AT1G13970",0.0802581932794317
"AT5G08130","AT2G39810",0.0800329336686314
"AT4G02640","AT3G09490",0.0795821073050487
"AT3G06590","AT3G04860",0.0795551345256022
"AT3G24140","AT1G33240",0.079553955309277
"AT1G22070","AT1G35430",0.0794699743045096
"AT5G24800","AT3G45680",0.0794159695755742
"AT2G42380","AT4G01670",0.0793461164161713
"AT4G14410","AT1G06620",0.0792803110802437
"AT3G54620","AT5G58770",0.0792542113965353
"AT4G34000","AT4G36060",0.0791280495198403
"AT5G08130","AT5G26200",0.0790950603654787
"AT3G57800","AT2G41070",0.0789217039107711
"AT4G00050","AT2G28260",0.0788472071680058
"AT2G41070","AT3G51750",0.0788253349842516
"AT5G54680","AT5G37055",0.0787322977439926
"AT1G32640","AT3G11840",0.0787159813366346
"AT5G50915","AT5G16340",0.0787094887523279
"AT1G03040","AT1G68650",0.0785680055654672
"AT5G53210","AT5G23820",0.0783574779679598
"AT3G23690","AT1G07740",0.078331234020125
"AT4G35040","AT1G77480",0.0783078375923212
"AT5G46760","AT2G26040",0.0782824553480695
"AT5G54680","AT1G75770",0.0781931037315997
"AT1G03970","AT4G30980",0.0780313039903313
"AT2G46270","AT1G65690",0.0778429468934207
"AT1G32640","AT4G28703",0.0777650432764409
"AT2G43010","AT1G27730",0.0776015010962009
"AT4G36540","AT1G78000",0.0775571246446447
"AT5G44080","AT5G39240",0.0775469427643604
"AT5G65210","AT5G51780",0.0773940400295799
"AT5G67110","AT3G15950",0.0772672185562895
"AT3G19860","AT1G73830",0.0771663957716144
"AT5G28770","AT5G03285",0.0771589270893749
"AT1G59640","AT4G35783",0.0771461655039726
"AT5G62610","AT5G58770",0.077094426766332
"AT1G10120","AT5G50240",0.0768073947397265
"AT3G61950","AT3G15420",0.0766156024386398
"AT2G46810","AT4G37390",0.0766065708855055
"AT2G31370","AT1G79410",0.0765431170210979
"AT2G42380","AT4G37390",0.0764916072794704
"AT3G24140","AT4G01670",0.0764700335518048
"AT1G06850","AT3G03170",0.0764090918243379
"AT5G08130","AT5G42440",0.0763112374344343
"AT3G24140","AT1G60200",0.0762192921217476
"AT4G35040","AT3G10330",0.0760359529825064
"AT5G65640","AT1G35430",0.0759094812827295
"AT4G34000","AT5G05250",0.0757781570779841
"AT4G02640","AT3G53450",0.0756268450816652
"AT4G36930","AT3G55240",0.0755813642484337
"AT5G57150","AT3G03170",0.0755742632247939
"AT5G54680","AT3G48260",0.0755439625288658
"AT2G31280","AT5G19875",0.0755402751148368
"AT5G08130","AT4G01670",0.0755355296560057
"AT4G29100","AT1G04635",0.0750345783622021
"AT1G51070","AT1G04635",0.0749071844190399
"AT2G46270","AT3G05800",0.0749007509769069
"AT5G54680","AT3G18970",0.0747829510135124
"AT1G12860","AT5G54300",0.0746282835138832
"AT2G18300","AT1G35430",0.074394011982073
"AT1G68810","AT3G55240",0.0742806125473957
"AT4G30980","AT4G11330",0.0742019303994683
"AT2G31280","AT4G31100",0.0741173608453845
"AT1G03040","AT3G15950",0.0741150899861236
"AT4G35040","AT3G25780",0.0740467285044565
"AT3G24140","AT3G55640",0.074045527000372
"AT3G25710","AT5G48540",0.074020255112788
"AT1G35460","AT3G25780",0.0740192607509654
"AT4G29100","AT5G03285",0.0739281813543651
"AT5G65640","AT1G16730",0.0735307658644535
"AT3G23690","AT5G16340",0.0734717322731849
"AT5G39860","AT4G31100",0.0734094110424299
"AT3G20640","AT2G23590",0.0733611545301632
"AT3G24140","AT3G49570",0.0733164676865108
"AT5G49450","AT1G68620",0.0733005178916567
"AT5G24800","AT3G15950",0.0732733967930373
"AT5G08130","AT3G57630",0.0732608862122849
"AT3G10800","AT1G44800",0.0732575635329345
"AT4G36540","AT2G01430",0.0730024901058293
"AT1G06070","AT1G64890",0.0729922986715629
"AT4G29100","AT1G53170",0.0729492447506662
"AT3G58120","AT5G10030",0.0729446374935573
"AT1G32640","AT3G53450",0.0728911646812323
"AT5G54680","AT3G02980",0.0728825440127145
"AT5G44080","AT5G07010",0.072856773729119
"AT1G01260","AT3G05800",0.0727770305582739
"AT1G03040","AT5G03285",0.072658494315982
"AT3G24140","AT3G02150",0.0726471075745029
"AT4G14410","AT1G04635",0.07264020852317
"AT3G24140","AT5G02810",0.0726391803049239
"AT4G35040","AT2G21640",0.0726159823720032
"AT1G03970","AT1G35430",0.072518467750771
"AT5G54680","AT1G71015",0.0725131047282618
"AT3G24140","AT5G10870",0.0725056565166323
"AT4G01120","AT2G45210",0.0724496317862709
"AT5G46760","AT1G15180",0.0724309601140565
"AT3G56850","AT5G04070",0.0724099741720791
"AT5G08130","AT4G15120",0.0723018228226978
"AT1G68920","AT2G28260",0.0722731382755701
"AT2G20180","AT1G09850",0.0722034068076988
"AT2G35530","AT2G01430",0.0721506803098968
"AT2G42300","AT3G14160",0.0721108116459498
"AT3G61950","AT1G54110",0.0720955271076905
"AT1G59640","AT1G33260",0.0720300736292145
"AT1G03040","AT2G22190",0.0719396605280599
"AT5G08130","AT2G35820",0.0719136045705146
"AT1G01260","AT4G39640",0.0718545990000236
"AT4G35040","AT4G38670",0.0718332344946656
"AT1G06070","AT5G59590",0.0716733861697043
"AT4G36730","AT5G59080",0.0716488770596124
"AT4G29100","AT1G15170",0.0713701413435977
"AT1G51070","AT1G74700",0.0713128820479809
"AT5G08130","AT4G14660",0.0713070628052945
"AT3G26744","AT5G07860",0.0712084118326641
"AT1G59640","AT2G23590",0.071167609616163
"AT1G61660","AT3G51750",0.071124686511765
"AT4G00050","AT3G55240",0.0708592961627515
"AT3G24140","AT5G67460",0.0707448183647291
"AT3G24140","AT1G09486",0.0704446421330388
"AT3G59060","AT5G61270",0.0704183966966838
"AT3G24140","AT1G14360",0.0703796254831437
"AT1G06070","AT4G28703",0.0703500952480282
"AT3G24140","AT1G69040",0.070337845347757
"AT3G24140","AT4G32295",0.0703058128944953
"AT4G30410","AT3G48260",0.0702474885644552
"AT3G24140","AT1G05710",0.0700212362476157
"AT5G06950","AT2G22470",0.0699465243166495
"AT1G10120","AT4G39640",0.06994130529976
"AT2G27230","AT3G50850",0.0699232818920616
"AT3G06590","AT2G24260",0.0699197829016042
"AT2G24260","AT4G01670",0.069901429989885
"AT5G08130","AT1G20490",0.0698059960231285
"AT5G28770","AT1G27730",0.0696818041488737
"AT5G44080","AT1G06620",0.069511259573941
"AT4G00050","AT3G44320",0.0695078375567638
"AT2G35530","AT4G29540",0.0694969643669486
"AT2G31280","AT5G16340",0.069392514125067
"AT2G31370","AT2G26040",0.0692678891139112
"AT5G06960","AT5G59080",0.069215037959559
"AT1G49720","AT2G22770",0.0691227722854356
"AT5G08130","AT4G02360",0.0691083663601331
"AT1G29950","AT3G18950",0.0690954613785939
"AT1G26260","AT5G59080",0.069088604232674
"AT5G54680","AT1G68650",0.0690885088951716
"AT1G26260","AT5G07250",0.0689565073752092
"AT5G08130","AT3G23570",0.0689409798447112
"AT2G35530","AT2G21640",0.0689080301464516
"AT5G38860","AT4G11330",0.0688516729527028
"AT5G46760","AT3G49570",0.0687672399792785
"AT2G42300","AT4G14600",0.0687276398379951
"AT3G07340","AT4G20362",0.0687103885959884
"AT4G34000","AT1G74700",0.0685822100586569
"AT4G35040","AT3G04620",0.0685397253317146
"AT2G22850","AT3G20340",0.0685206648096428
"AT1G09530","AT5G15160",0.068351147167449
"AT3G07340","AT4G30180",0.0683063617592065
"AT1G06070","AT2G01430",0.0682324164738741
"AT3G17100","AT2G14850",0.0682104316919769
"AT5G24800","AT4G01670",0.0681852951707398
"AT5G54680","AT1G05785",0.0679940279424371
"AT3G47640","AT5G17650",0.0679319873729997
"AT5G54680","AT3G48350",0.0679281452104109
"AT1G42990","AT5G39240",0.0678329483251501
"AT2G42300","AT4G02360",0.0678166828388914
"AT3G24140","AT1G65040",0.0678126727781828
"AT3G24140","AT3G22380",0.067585616259858
"AT3G10800","AT3G45680",0.0675837988046449
"AT4G36540","AT4G36060",0.0675806139625248
"AT1G10120","AT4G15140",0.0675759827603403
"AT4G30410","AT1G64200",0.0674247621875337
"AT4G30980","AT1G75770",0.0673523913999119
"AT3G07340","AT5G15190",0.0670975181829907
"AT5G08130","AT3G04860",0.0669378422497343
"AT2G42280","AT5G59080",0.0668482019565405
"AT1G42990","AT1G68620",0.0668478780940246
"AT3G56850","AT1G79410",0.0667927711379471
"AT3G24140","AT2G22730",0.066683515582776
"AT2G16770","AT5G18170",0.0666176845791229
"AT3G17100","AT3G06868",0.0665870241245871
"AT2G43060","AT2G37750",0.0664149931262538
"AT3G24140","AT1G77920",0.0663917566034478
"AT1G06070","AT1G65690",0.0663011439174946
"AT1G06070","AT2G21640",0.0662201875973311
"AT2G31280","AT1G27730",0.0662198778312397
"AT2G27230","AT5G17650",0.066162113600856
"AT3G06590","AT5G39240",0.0661235877922623
"AT2G22850","AT5G17650",0.0660750822793997
"AT5G08130","AT2G40860",0.0660407408574897
"AT5G08130","AT2G31730",0.0660299497096828
"AT4G38900","AT5G56100",0.0659976714624432
"AT3G24140","AT2G14740",0.0659610839183391
"AT5G54680","AT1G11220",0.0659472604405839
"AT3G24140","AT4G03420",0.065904367009548
"AT1G02340","AT3G28740",0.0657398795338671
"AT1G06070","AT2G29070",0.0656209371170993
"AT2G27230","AT3G15950",0.0655910533896869
"AT5G08130","AT5G43260",0.0655453940766705
"AT2G20180","AT3G60540",0.0654755330507328
"AT3G24140","AT4G36980",0.0654557970725181
"AT1G01260","AT1G09486",0.0654167441798386
"AT4G30410","AT3G28740",0.065407659658026
"AT4G35040","AT1G55820",0.0654000828801894
"AT1G06850","AT2G21080",0.0653566746286328
"AT1G06850","AT5G58770",0.0652375287678108
"AT3G19860","AT5G51790",0.0651845101873118
"AT5G06960","AT3G05160",0.0651654497273506
"AT5G54680","AT3G22450",0.0651451887528584
"AT1G51070","AT5G42440",0.0651390478312752
"AT1G05710","AT1G72210",0.0651323473310982
"AT2G20180","AT2G35170",0.0650859256882441
"AT1G05805","AT4G30180",0.0650712145859138
"AT5G44080","AT2G42940",0.0648662030011547
"AT2G20180","AT5G60890",0.0647617472294103
"AT5G54680","AT1G78895",0.0647438014627847
"AT1G06070","AT3G09490",0.0645790540449844
"AT1G01260","AT4G31100",0.0645740106895925
"AT3G05800","AT3G58980",0.0645167129387513
"AT5G46760","AT3G03320",0.0644642835495853
"AT1G10120","AT3G48260",0.0644415107826779
"AT1G26260","AT5G04620",0.0643573801682574
"AT4G30410","AT5G51780",0.0643143009594233
"AT4G00050","AT4G17500",0.0642958787980507
"AT3G17100","AT1G30260",0.0642680132410478
"AT3G57800","AT5G51790",0.0642347153288947
"AT3G57800","AT1G77290",0.0641852081760948
"AT2G42380","AT5G51790",0.0641520153913079
"AT1G12860","AT1G74490",0.0640937846320773
"AT4G29100","AT1G16590",0.0640528239907319
"AT5G57150","AT3G21870",0.0640407500545269
"AT5G08130","AT1G33240",0.06402124537337
"AT4G34000","AT3G18950",0.0639018139014323
"AT1G18400","AT3G47540",0.0638410912566567
"AT3G17100","AT3G02980",0.0636491513481691
"AT2G46810","AT5G16340",0.0636248149588944
"AT5G57150","AT2G01430",0.0636138921514813
"AT1G10610","AT3G15950",0.0636068072833417
"AT1G42990","AT4G28330",0.0635905244493906
"AT2G47270","AT4G35900",0.0635866441970147
"AT1G35460","AT3G59220",0.0635833640211716
"AT3G17100","AT2G01430",0.063561560694279
"AT1G43700","AT2G18193",0.0635288131021673
"AT5G08130","AT3G03680",0.063502097270136
"AT3G61950","AT3G50850",0.0634314469206444
"AT3G24140","AT1G75760",0.0633658429873665
"AT2G22850","AT3G12250",0.0633316225319392
"AT1G06070","AT1G33750",0.0630805012918837
"AT3G24140","AT5G05480",0.0630565900971648
"AT1G77920","AT5G56100",0.062850694635153
"AT4G36540","AT3G49570",0.0627268257864347
"AT5G10030","AT1G71090",0.0627082241223157
"AT2G46510","AT3G61750",0.0626705640364982
"AT1G51140","AT2G45210",0.06264125795135
"AT4G38900","AT3G45730",0.0625915160401919
"AT5G62610","AT4G20090",0.0625279958284234
"AT1G32150","AT5G39240",0.0625086624567462
"AT3G17100","AT3G46790",0.0623653209634492
"AT4G09180","AT3G23570",0.0623031727323676
"AT3G57800","AT1G22940",0.0622468760038267
"AT5G08130","AT5G50915",0.0622354023402092
"AT4G38900","AT5G05850",0.0621155475252381
"AT3G57800","AT5G14620",0.0620825416773869
"AT4G37730","AT3G02980",0.0620625536907821
"AT5G08130","AT2G43060",0.0620262892030008
"AT1G26260","AT5G16420",0.0619731431330797
"AT5G08130","AT1G16590",0.0619272188241545
"AT2G40620","AT5G15600",0.0618848771383258
"AT4G34000","AT3G09490",0.0618559160043289
"AT3G24140","AT2G21660",0.0617991617324904
"AT5G08130","AT2G22730",0.0617748316791636
"AT2G40950","AT2G18193",0.0617650575496851
"AT3G19860","AT5G07860",0.0617283186353082
"AT3G24140","AT4G40010",0.0616918101562579
"AT3G07340","AT4G38060",0.061531777732278
"AT3G54620","AT4G16000",0.0614739347400352
"AT4G36730","AT2G42940",0.06143928360283
"AT1G63650","AT3G48350",0.0613856006143076
"AT1G05805","AT3G18950",0.0613236793148373
"AT5G44080","AT2G35930",0.0612447288672467
"AT2G31370","AT3G58980",0.0612437845363144
"AT3G10800","AT3G60540",0.0612180665378583
"AT1G08320","AT5G10870",0.0612133967841525
"AT1G77920","AT1G16590",0.0611792543301578
"AT3G24140","AT1G24460",0.0611686255671325
"AT1G03970","AT5G66130",0.0611681259974849
"AT5G08130","AT1G16030",0.0611418005864352
"AT1G08320","AT1G63720",0.0611362817418924
"AT4G36730","AT3G18950",0.0611254445014988
"AT2G42300","AT1G22360",0.0611026344677579
"AT3G26744","AT4G34540",0.0610500692845859
"AT1G32640","AT3G44320",0.0610362404532599
"AT3G57800","AT3G49570",0.0610217033161554
"AT3G17100","AT5G10030",0.0609870046764385
"AT1G12860","AT3G22450",0.0609835151561877
"AT3G24140","AT3G47490",0.0609106840625331
"AT4G01460","AT4G30180",0.0609095956692604
"AT1G59640","AT3G14160",0.0608502534905533
"AT2G20180","AT1G48120",0.0608100019341141
"AT3G17100","AT3G25780",0.0607910337497072
"AT2G20180","AT5G04070",0.0607615146143057
"AT1G59640","AT1G11220",0.0607394955764721
"AT1G43700","AT3G60540",0.060738287132858
"AT1G18400","AT1G63720",0.0606349971648526
"AT4G35040","AT4G34860",0.060630328029258
"AT5G06960","AT5G24970",0.0606122883021717
"AT3G23690","AT4G39640",0.0605493046582704
"AT1G29950","AT3G02980",0.0605259208359716
"AT1G42990","AT3G50800",0.0604713511087467
"AT5G39860","AT1G27730",0.0604193510482181
"AT5G46690","AT1G16220",0.0603297584316376
"AT2G21230","AT1G63720",0.06031447092491
"AT3G10800","AT5G50240",0.0602145500667648
"AT4G30410","AT5G39240",0.0601480321269336
"AT5G08130","AT1G68650",0.0600457176285953
"AT3G57800","AT1G76065",0.0599217818411882
"AT3G06590","AT5G05380",0.0598845569830679
"AT5G39860","AT5G60890",0.0598696851409466
"AT1G32640","AT1G63720",0.0598215672320255
"AT5G49450","AT5G50240",0.0597689501076232
"AT1G27660","AT3G58980",0.0597519184073948
"AT4G30410","AT5G09995",0.0597459331697779
"AT4G36730","AT1G04635",0.0597342434533662
"AT2G27230","AT3G59220",0.0597316252284736
"AT4G38900","AT5G61930",0.0596892363768892
"AT3G56850","AT4G31100",0.0596420379066591
"AT5G62610","AT1G15215",0.059582390283876
"AT4G36730","AT1G22360",0.0595563570903033
"AT5G57150","AT5G10030",0.0595428181998375
"AT3G24140","AT5G22608",0.0594518959725412
"AT2G46810","AT5G05270",0.0594329837163468
"AT1G06850","AT2G37750",0.0594065789534862
"AT4G38900","AT3G58980",0.0593530838645651
"AT4G09180","AT1G15175",0.0593196831630702
"AT1G03970","AT4G02360",0.0593025660526286
"AT5G49450","AT4G04830",0.0592476390471284
"AT2G46810","AT4G35900",0.0592337842564764
"AT3G24140","AT1G77450",0.0592238768653611
"AT2G40950","AT3G50850",0.0591254734049585
"AT5G54680","AT3G05800",0.0591253809208198
"AT3G57800","AT4G14660",0.059121265134691
"AT1G51140","AT3G05800",0.0591203619877351
"AT1G51140","AT3G18950",0.0591021698652506
"AT3G24140","AT5G54520",0.0591015068325919
"AT5G08130","AT1G05360",0.0590937568430702
"AT4G00480","AT4G18360",0.0590911079391546
"AT3G59060","AT5G17650",0.059040963894593
"AT1G22070","AT2G46290",0.059023827388311
"AT5G67110","AT2G22470",0.0589722334693118
"AT5G54680","AT5G09995",0.0588992319126993
"AT4G37730","AT5G19875",0.0588868971026384
"AT3G20640","AT1G60270",0.0588782646769408
"AT3G59060","AT5G15190",0.0588767347851247
"AT2G27230","AT5G48540",0.058864179296542
"AT1G42990","AT1G11180",0.0587897960567995
"AT5G08130","AT1G43700",0.0586914268518834
"AT4G36730","AT5G47420",0.0586638299557991
"AT3G10800","AT1G30260",0.0586448889022636
"AT3G57800","AT3G48350",0.0586289920074316
"AT4G36730","AT5G16340",0.0586071585873446
"AT2G46270","AT3G51750",0.058599096271976
"AT3G58120","AT1G27730",0.0585990544373167
"AT1G51140","AT5G26200",0.0584913652386984
"AT2G43010","AT2G42730",0.0584563568255858
"AT4G29100","AT3G55240",0.0584350981884143
"AT2G35530","AT3G02800",0.0584263800985921
"AT5G57150","AT5G42440",0.0584258940535551
"AT5G08130","AT3G47540",0.0582753256080752
"AT2G35530","AT1G35430",0.0582553658891907
"AT1G08320","AT4G20362",0.0582512363808139
"AT2G40950","AT5G26200",0.0582066710383318
"AT3G24140","AT5G65630",0.0581793975020288
"AT3G17100","AT2G26040",0.0581722711159402
"AT4G36540","AT1G68620",0.0581709191244155
"AT2G31370","AT4G20362",0.0581577243197554
"AT3G61950","AT1G54850",0.058105589169742
"AT5G06950","AT3G22450",0.0580875637102345
"AT1G51070","AT1G16590",0.0580367032356784
"AT2G42300","AT5G04070",0.05800304661079
"AT3G24140","AT5G41620",0.0579669610085606
"AT1G01260","AT3G62090",0.0579477280649498
"AT1G32640","AT4G18360",0.057900059156787
"AT3G59060","AT5G58650",0.057895512060907
"AT4G36730","AT3G53450",0.057866167307889
"AT2G46270","AT3G02980",0.0578621657837841
"AT1G61660","AT1G30260",0.0577069422242453
"AT1G06070","AT4G01670",0.0576918014920104
"AT4G02640","AT3G50920",0.057645689612009
"AT5G57150","AT5G53290",0.0576109232394023
"AT1G06070","AT1G70950",0.0575564644980921
"AT4G09180","AT3G04860",0.057546087406138
"AT3G26744","AT1G09486",0.0574846963836772
"AT5G67110","AT1G02930",0.0574278099177526
"AT5G54680","AT1G65690",0.0574105490057333
"AT5G08130","AT3G05800",0.0573711146482569
"AT3G19290","AT4G01670",0.0573543476098037
"AT3G07340","AT5G16140",0.0573158751586004
"AT1G06070","AT3G04620",0.0573099659450288
"AT1G61660","AT2G35930",0.0572895161676985
"AT5G08130","AT5G41620",0.0572797470572235
"AT2G46810","AT3G06868",0.0572787619134225
"AT1G22070","AT2G01918",0.0572696857506992
"AT4G36540","AT2G26540",0.0572300570156704
"AT1G27660","AT5G03285",0.0571854259541648
"AT3G57800","AT4G18230",0.0571809046776564
"AT1G05710","AT2G23348",0.0571794937673768
"AT1G01260","AT5G07010",0.0571657258062806
"AT3G23210","AT1G05785",0.0571375814738308
"AT3G24140","AT5G52570",0.0570818159519894
"AT1G10610","AT5G50240",0.0570739270320803
"AT3G24140","AT4G04970",0.0570625666102318
"AT5G10030","AT4G37390",0.0570583780143801
"AT5G08130","AT1G10610",0.0570294495901589
"AT5G61270","AT1G09850",0.0569944012669931
"AT3G23210","AT3G20340",0.0569743890664939
"AT2G42300","AT4G37390",0.0569510652174404
"AT2G35530","AT3G10330",0.0569368479670809
"AT1G69010","AT5G60590",0.0568859715101217
"AT4G35900","AT4G29540",0.0568501133430961
"AT4G35040","AT2G44440",0.0568118493431423
"AT5G44080","AT3G51750",0.056809453879239
"AT3G17100","AT2G23348",0.0567837173415569
"AT5G67110","AT1G57540",0.0567821626300153
"AT3G25710","AT5G16340",0.0567484874657742
"AT2G35530","AT1G15170",0.0567408963084501
"AT2G27230","AT4G02360",0.0566823762448729
"AT5G08130","AT3G49260",0.0566785294196504
"AT2G35530","AT1G55820",0.0565148999814169
"AT4G37730","AT3G25710",0.0565075077409407
"AT4G16430","AT5G18920",0.0563649970031475
"AT5G54680","AT1G05060",0.056352836421874
"AT5G54680","AT3G09490",0.0563524938202538
"AT3G23690","AT1G64150",0.0563493743881657
"AT1G10120","AT1G17120",0.056349235367412
"AT1G63650","AT3G11840",0.0563462355930428
"AT2G42280","AT3G12970",0.0563345048055623
"AT4G36730","AT5G16200",0.0562945873273545
"AT2G46810","AT2G34650",0.0562854400703084
"AT4G36730","AT2G41130",0.0562502483735178
"AT5G08130","AT1G77920",0.0562487726911507
"AT3G24140","AT2G28260",0.0562477287665313
"AT4G00050","AT5G58770",0.0562225853763001
"AT3G23690","AT3G03170",0.0562158612241186
"AT2G31370","AT3G50800",0.0561582167370942
"AT5G08130","AT1G03370",0.0561160602019499
"AT2G24260","AT5G07860",0.0560690472384777
"AT1G77920","AT3G45680",0.0560272165108656
"AT4G36540","AT1G22370",0.0560094477013388
"AT4G01460","AT1G68620",0.0559738005233833
"AT3G23210","AT2G19580",0.0559681207670632
"AT2G24260","AT3G15780",0.0559642190500148
"AT5G38860","AT5G56990",0.0559446971632765
"AT3G56850","AT1G02340",0.0559395056343225
"AT3G17100","AT4G12700",0.0559268902523301
"AT5G24800","AT2G26040",0.0558773394004045
"AT2G46270","AT2G45210",0.0558731210509095
"AT5G08130","AT4G18010",0.0558706343823159
"AT5G08130","AT5G66350",0.0558695976496445
"AT3G10800","AT3G53210",0.0558411764934382
"AT1G42990","AT3G55240",0.0558410241439326
"AT3G24140","AT4G31310",0.0558233912591532
"AT1G32150","AT3G57860",0.0558045469729757
"AT3G24140","AT4G37480",0.055785887183507
"AT5G28770","AT3G62090",0.0557811151925641
"AT2G40620","AT3G12970",0.0557700104873607
"AT3G24140","AT1G28360",0.0556942886039333
"AT3G59060","AT2G21080",0.0556869641201569
"AT1G63650","AT4G18360",0.0556463515630661
"AT5G57150","AT3G12300",0.0555693947470473
"AT5G08130","AT1G13245",0.0555631822478949
"AT1G29950","AT3G23570",0.0555184833059276
"AT5G44080","AT3G48350",0.0555169581267858
"AT5G08130","AT5G10740",0.0554916068497802
"AT4G17880","AT1G66510",0.0553837599046295
"AT2G41130","AT2G47920",0.0553565849146694
"AT3G19860","AT1G75770",0.0552924747087962
"AT5G65640","AT2G20480",0.0552807191959573
"AT2G40620","AT4G18700",0.0552750291413438
"AT3G54620","AT3G26750",0.0552650236693026
"AT5G08130","AT5G41810",0.0552628900226954
"AT3G20640","AT3G62090",0.055145451772812
"AT5G24800","AT5G65140",0.0551231208918164
"AT3G10800","AT4G20362",0.0551178649838866
"AT5G08130","AT1G69010",0.0549632855278219
"AT2G47270","AT5G07870",0.0548649953532836
"AT2G47270","AT4G11330",0.0548335854684491
"AT2G35530","AT3G15420",0.0547788612937785
"AT1G26260","AT2G01430",0.0547671804331011
"AT2G20180","AT3G18970",0.0547205576706332
"AT2G46810","AT1G15215",0.0546749986827511
"AT3G23210","AT1G74490",0.0546736920409877
"AT1G06070","AT2G28260",0.054652186656574
"AT4G29100","AT5G41810",0.0546162909916426
"AT5G15160","AT4G37390",0.0546096450965321
"AT5G65210","AT1G68620",0.0545920701434295
"AT4G09180","AT5G37260",0.0545359644015604
"AT3G26744","AT3G51750",0.0545287938720828
"AT5G08130","AT2G46800",0.0545240441048097
"AT5G54680","AT1G20890",0.0545195002274802
"AT3G17100","AT1G35460",0.0545136099829163
"AT2G46270","AT3G18970",0.0544955118287723
"AT5G65640","AT1G24530",0.0544649055392812
"AT1G51140","AT4G37390",0.0544102206365789
"AT5G57150","AT2G01918",0.054371466364056
"AT3G62090","AT1G13080",0.0543617243767973
"AT5G48560","AT3G59210",0.0543478963451764
"AT2G31280","AT1G35430",0.0543290871224339
"AT3G24140","AT5G07860",0.0543170632599417
"AT4G35040","AT1G18040",0.0543076941099396
"AT2G35530","AT5G01850",0.0542555817463986
"AT4G36730","AT3G03310",0.0541535596430031
"AT1G29950","AT5G50240",0.0541431818364415
"AT5G54680","AT5G48540",0.054136745602528
"AT2G46270","AT2G21830",0.0541351739739466
"AT4G35040","AT1G53750",0.054115908471379
"AT2G46510","AT5G49560",0.0541157640108444
"AT1G51140","AT3G09490",0.0541152646267014
"AT1G02340","AT1G19150",0.0540704667938888
"AT5G24800","AT4G01550",0.0540634973155054
"AT4G34000","AT2G22470",0.0540613919494257
"AT2G20180","AT3G54130",0.0540569645118084
"AT3G59060","AT5G10870",0.0540000925528508
"AT3G24140","AT5G61270",0.0539960048648471
"AT1G72210","AT3G54826",0.0539698096680689
"AT5G08130","AT2G42260",0.0539175775592467
"AT3G54620","AT3G49550",0.0539056240741562
"AT4G01120","AT1G70950",0.0538980056226472
"AT5G08130","AT4G31100",0.0538930526691862
"AT2G16770","AT1G04635",0.0538927505553528
"AT1G42990","AT5G67140",0.0538897908734291
"AT3G57800","AT5G50240",0.0538781494661928
"AT2G21230","AT2G20480",0.0538704163283961
"AT5G57150","AT4G30980",0.0538641170682445
"AT2G31730","AT4G28330",0.0538563970772143
"AT4G02590","AT4G24240",0.0538167544671872
"AT1G06070","AT1G60270",0.0538027276709467
"AT3G24140","AT2G18240",0.0537517794864003
"AT1G06070","AT5G04885",0.0536210157565881
"AT5G08130","AT3G27220",0.053595941657074
"AT2G31370","AT3G45730",0.0535935101514574
"AT4G34000","AT1G61340",0.0535833612829469
"AT5G08130","AT3G62090",0.0535746455629278
"AT3G24140","AT1G27660",0.0535220445552371
"AT3G19860","AT1G19310",0.053468267321702
"AT4G16430","AT3G15420",0.0534583039803987
"AT2G35530","AT2G37260",0.0533388936621733
"AT5G08130","AT5G17240",0.0533369597065637
"AT5G54680","AT1G74700",0.0533104280794398
"AT4G36540","AT5G03285",0.0532898614334083
"AT1G22070","AT1G16730",0.0532857933759933
"AT1G06070","AT1G77480",0.0532843949187573
"AT5G53210","AT3G18970",0.0532470329617164
"AT3G10800","AT5G22608",0.0532418259541973
"AT4G34000","AT5G03285",0.0532391454448883
"AT1G42990","AT1G02816",0.0532387757976305
"AT5G62610","AT5G05250",0.0532349602771854
"AT5G08130","AT3G48610",0.0532306762114292
"AT5G08130","AT3G03210",0.0531707846116364
"AT4G36060","AT3G20340",0.0531664476649622
"AT4G35040","AT1G34780",0.0531561022791526
"AT3G24140","AT3G24090",0.0531311229163087
"AT5G08130","AT3G48820",0.0530829498765721
"AT2G31280","AT4G18360",0.0530411208375736
"AT2G43060","AT5G05250",0.0529271864938863
"AT2G31730","AT5G07870",0.0528792087096185
"AT2G43010","AT5G51780",0.0528708889767021
"AT3G24140","AT5G42092",0.0528653866195678
"AT5G28770","AT3G63480",0.0528323876289734
"AT4G14410","AT2G05160",0.052797031374154
"AT3G17100","AT1G33260",0.0527890397373461
"AT4G36540","AT5G46870",0.0527888336262198
"AT2G40950","AT2G43060",0.0527733665456929
"AT2G46810","AT5G37340",0.0527621055730914
"AT2G35530","AT3G04620",0.0527514008573531
"AT1G63650","AT2G23348",0.0527440434375465
"AT1G59640","AT4G34540",0.0527416593673683
"AT1G59640","AT1G26800",0.0527305171971949
"AT1G05710","AT5G59080",0.0527134549625448
"AT3G17100","AT4G01550",0.0526635909871958
"AT5G57150","AT1G74780",0.0526565731980095
"AT2G21230","AT5G08510",0.0526140349325214
"AT2G31370","AT3G21870",0.0526089267376292
"AT2G46810","AT4G02360",0.052567749593234
"AT4G36060","AT4G20362",0.0525219209936176
"AT1G51070","AT5G39240",0.0525216827194728
"AT5G08130","AT2G47790",0.0525103512205944
"AT5G54680","AT3G12970",0.0524796931819417
"AT1G06070","AT5G63500",0.0524765404214444
"AT4G35040","AT1G05600",0.0524632955439654
"AT4G36730","AT5G53030",0.0524481952743905
"AT5G08130","AT3G19790",0.052443544908461
"AT2G46270","AT3G11840",0.0524367255098754
"AT1G05805","AT3G51750",0.0523330487932015
"AT2G42300","AT3G61750",0.0523309209716927
"AT2G31730","AT5G59590",0.0523238828092533
"AT4G37730","AT5G10190",0.0522883986713445
"AT2G22850","AT1G27730",0.0522224092739614
"AT4G36540","AT5G51790",0.0521919263252617
"AT4G01120","AT1G61065",0.0521651796846671
"AT2G31370","AT3G18970",0.0521525233996914
"AT3G23210","AT5G10190",0.0521366114098219
"AT3G24140","AT3G02980",0.052115002921155
"AT4G34000","AT2G41070",0.0520312799436705
"AT5G08130","AT5G42990",0.0519950902821226
"AT1G26260","AT5G61270",0.0519801280944628
"AT1G05805","AT4G02360",0.0519682398985888
"AT2G35530","AT4G18360",0.0519654234513245
"AT4G35040","AT2G46610",0.0519652134495708
"AT1G12860","AT4G37390",0.0519622793241182
"AT5G08130","AT5G49550",0.051912930339576
"AT4G35040","AT3G17770",0.0518819512715146
"AT1G43700","AT5G65300",0.0518356479442129
"AT4G35040","AT3G54130",0.0518082511276381
"AT2G20180","AT2G25880",0.0517996718554157
"AT4G01120","AT2G20480",0.0517605292859275
"AT2G31370","AT3G15420",0.0517344079119567
"AT3G19860","AT4G17500",0.0517308085736907
"AT2G16770","AT1G11220",0.0517209888516782
"AT3G47640","AT4G25260",0.051696423955577
"AT3G19290","AT2G16770",0.0516872324073193
"AT5G11260","AT3G53720",0.051674390482297
"AT5G08130","AT5G37340",0.051668048965121
"AT1G03040","AT1G64890",0.0516643581668245
"AT1G18400","AT3G60910",0.0516346490318493
"AT2G21230","AT4G37390",0.0516304419787632
"AT3G19860","AT3G02150",0.0516165498918753
"AT5G24800","AT2G28260",0.0516028151683349
"AT4G30410","AT3G45680",0.0515904962149384
"AT5G08130","AT5G52570",0.0515865424761377
"AT5G24800","AT1G60270",0.051572494486318
"AT3G17100","AT1G05340",0.051528982007576
"AT1G51070","AT2G42950",0.0515003908218532
"AT3G25710","AT1G72210",0.0514956434622534
"AT3G24140","AT1G05600",0.0514904181093788
"AT5G08130","AT4G16660",0.0514818329114913
"AT1G29950","AT5G16340",0.0514308702280979
"AT2G35530","AT3G54130",0.0514235685991964
"AT4G34000","AT1G47820",0.0514093428352989
"AT4G01120","AT1G48440",0.0513087397850968
"AT3G10800","AT4G20090",0.0512995106504545
"AT3G24140","AT3G27470",0.0512849028142633
"AT5G08130","AT2G22840",0.0512828083759998
"AT2G20180","AT1G29330",0.0512742983377089
"AT4G35040","AT1G05785",0.051220460376774
"AT2G21230","AT1G11220",0.0512135144172347
"AT1G03040","AT5G67160",0.0511823508241299
"AT1G29950","AT1G55190",0.0511769685324793
"AT3G25710","AT1G80110",0.0511276483879306
"AT4G35040","AT3G50800",0.0511091667965358
"AT5G08130","AT3G50070",0.0511052204916733
"AT3G58120","AT5G46870",0.0510846282873531
"AT5G08130","AT4G24480",0.0510222247722899
"AT3G57800","AT2G47920",0.0510194677170416
"AT5G62610","AT3G12970",0.0510037024814824
"AT3G10800","AT2G42950",0.0509932723361095
"AT4G35040","AT5G61530",0.0509857852643699
"AT5G08130","AT5G40340",0.0509478247791997
"AT1G03040","AT1G23480",0.0509446802163426
"AT3G56850","AT3G59650",0.0509183734411794
"AT5G08130","AT1G21370",0.0509153891708901
"AT3G24140","AT4G29540",0.05087392794557
"AT4G36540","AT2G42280",0.0508714127981481
"AT2G31370","AT1G11220",0.0508672341866476
"AT5G44080","AT3G15357",0.0508508621459433
"AT4G01120","AT3G51750",0.0508349157129702
"AT3G06590","AT4G23600",0.0508270439647295
"AT1G06850","AT2G21830",0.0507873773354306
"AT5G08130","AT3G22380",0.0507629587996621
"AT1G10120","AT3G47780",0.0507610654643482
"AT2G42300","AT4G31100",0.0507278818572066
"AT5G67110","AT5G01850",0.0506836446976972
"AT1G61660","AT1G49780",0.0506607743458406
"AT5G65640","AT2G26040",0.0506457827487481
"AT3G23690","AT4G29540",0.0506367693542643
"AT1G05710","AT3G20340",0.0506356699008268
"AT5G08130","AT3G51450",0.0506067525486363
"AT3G59060","AT3G56330",0.0505935374506521
"AT3G24140","AT5G51690",0.0505449680624829
"AT2G42300","AT3G01360",0.0505402544809632
"AT4G00050","AT2G01430",0.0505166298087499
"AT4G02590","AT3G22670",0.0504298443624753
"AT4G00050","AT3G51960",0.0503972560995616
"AT1G59640","AT3G60540",0.0503708190047942
"AT2G46510","AT1G58340",0.0503585535566609
"AT5G46760","AT4G11330",0.0503231942933038
"AT2G40620","AT5G17460",0.0503201406014098
"AT3G57800","AT3G53800",0.0502856155192843
"AT1G72210","AT5G16340",0.05027400887641
"AT5G08130","AT1G25520",0.0502711474332051
"AT5G44080","AT3G11840",0.0502635800432745
"AT5G44080","AT5G61930",0.0502535332638651
"AT1G32150","AT1G71015",0.0502490223532011
"AT5G51790","AT5G49560",0.0502232193956474
"AT5G06950","AT4G30180",0.0501959598748953
"AT5G65640","AT1G18400",0.0501859856217816
"AT5G44080","AT1G74780",0.0501818978103346
"AT1G32150","AT4G37880",0.0501773874638465
"AT3G17100","AT3G59670",0.0501459759033937
"AT2G46270","AT5G08580",0.050139956834089
"AT2G31280","AT5G16420",0.0501358160969382
"AT5G08130","AT1G20890",0.0501325875736155
"AT5G44080","AT1G03180",0.0501241255919785
"AT5G28770","AT1G79410",0.0500997019968507
"AT5G08130","AT3G06030",0.0500690198474129
"AT4G35040","AT3G44320",0.0500538339191472
"AT4G01460","AT2G47920",0.0500479574430163
"AT1G03040","AT5G15190",0.0500449023214341
"AT3G17100","AT1G13080",0.0500045558500283
"AT5G08130","AT1G76060",0.0499587166215697
"AT1G09250","AT1G35430",0.0499528471667873
"AT3G23690","AT3G61750",0.0499280774935984
"AT3G12250","AT2G22470",0.0498800977226194
"AT4G38900","AT1G13080",0.0498629026504914
"AT2G31280","AT2G41010",0.0498558875605669
"AT1G18400","AT4G02360",0.0498333275740763
"AT5G08130","AT5G56100",0.0498272750570162
"AT3G10800","AT1G69450",0.0498204409044812
"AT1G03970","AT2G20480",0.0498133290515265
"AT4G02590","AT1G06620",0.0498037814072102
"AT5G08130","AT5G53290",0.0497899475124521
"AT5G65210","AT3G25780",0.049786538840363
"AT2G46810","AT3G04860",0.0497735659994963
"AT5G67110","AT1G16730",0.0497716295141392
"AT1G35460","AT3G15357",0.0497582020746816
"AT3G57800","AT5G23820",0.0497487727261963
"AT3G26744","AT1G71015",0.0497362738108467
"AT1G10120","AT3G05800",0.0497275278659957
"AT3G06590","AT3G53210",0.0497061694108496
"AT2G22850","AT5G23820",0.0496988839409106
"AT2G46810","AT4G20090",0.0496346620100184
"AT1G68920","AT5G03285",0.0496280302561394
"AT5G54680","AT3G02150",0.0496249922729454
